"External stan","Reference","Source","Destination","Message","Processing code","Action","PAN","Local time","Internal time","Transaction amount","Terminal no.","Acceptor point","Authorization reference","Current table indicator"
="003449",="622220260696","ATM NDC (02)","HOST_SPM (08)","Financial Transaction Request","Balance Inquiry ","Approved","507656XXXXXX8253","08/10/2026 22:44:19","08/10/2026 20:44:19","0.00 MGA",="00000096",="0000000018",="818060","MSC"
="003447",="622220260694","ATM NDC (02)","STAND IN","Financial Transaction Request","Authentication Request ","Approved","507656XXXXXX8253","08/10/2026 22:44:11","08/10/2026 20:44:12","0.00 MGA",="00000096",="0000000018",="018862","MSC"
="007286",="622219621782","ATM NDC (02)","HOST_SPM (08)","Financial Transaction Request","Balance Inquiry ","Approved","507656XXXXXX1820","08/10/2026 21:22:32","08/10/2026 19:22:32","0.00 MGA",="00000081",="0000000004",="768950","MSC"
="007284",="622219621780","ATM NDC (02)","STAND IN","Financial Transaction Request","Authentication Request ","Approved","507656XXXXXX1820","08/10/2026 21:22:27","08/10/2026 19:22:27","0.00 MGA",="00000081",="0000000004",="062956","MSC"
="000277",="622218647478","ATM NDC (02)","HOST_SPM (08)","Financial Transaction Request","Balance Inquiry ","Approved","507656XXXXXX8740","08/10/2026 20:08:41","08/10/2026 18:08:41","0.00 MGA",="00000093",="0000000016",="724660","MSC"
="000275",="622218647476","ATM NDC (02)","STAND IN","Financial Transaction Request","Authentication Request ","Approved","507656XXXXXX8740","08/10/2026 20:08:37","08/10/2026 18:08:37","0.00 MGA",="00000093",="0000000016",="029215","MSC"
="000273",="622218647475","ATM NDC (02)","HOST_SPM (08)","Financial Transaction Request","Short statement request","Approved","507656XXXXXX8740","08/10/2026 20:07:38","08/10/2026 18:07:38","0.00 MGA",="00000093",="0000000016",="724030","HST"
="000271",="622218647473","ATM NDC (02)","STAND IN","Financial Transaction Request","Authentication Request ","Approved","507656XXXXXX8740","08/10/2026 20:07:35","08/10/2026 18:07:35","0.00 MGA",="00000093",="0000000016",="078913","HST"
="000269",="622218647472","ATM NDC (02)","HOST_SPM (08)","Financial Transaction Request","Balance Inquiry ","Approved","507656XXXXXX8740","08/10/2026 20:06:33","08/10/2026 18:06:33","0.00 MGA",="00000093",="0000000016",="723370","HST"
="000266",="622218647469","ATM NDC (02)","HOST_SPM (08)","Financial Transaction Request","WITHDRAWAL","Rejected","507656XXXXXX8740","08/10/2026 20:06:02","08/10/2026 18:06:02","600,000.00 MGA",="00000093",="0000000016","","ATM"
="000264",="622218647467","ATM NDC (02)","STAND IN","Financial Transaction Request","Authentication Request ","Approved","507656XXXXXX8740","08/10/2026 20:05:55","08/10/2026 18:05:56","0.00 MGA",="00000093",="0000000016",="044521","HST"
="000263",="622218647466","ATM NDC (02)","HOST_SPM (08)","Financial Transaction Request","WITHDRAWAL","Issuer not available","507656XXXXXX8740","08/10/2026 20:03:55","08/10/2026 18:03:55","600,000.00 MGA",="00000093",="0000000016","","ATM"
="000261",="622218647464","ATM NDC (02)","STAND IN","Financial Transaction Request","Authentication Request ","Approved","507656XXXXXX8740","08/10/2026 20:03:49","08/10/2026 18:03:49","0.00 MGA",="00000093",="0000000016",="058869","HST"
="000260",="622218647463","ATM NDC (02)","HOST_SPM (08)","Financial Transaction Request","WITHDRAWAL","Issuer not available","507656XXXXXX8740","08/10/2026 20:02:55","08/10/2026 18:02:55","800,000.00 MGA",="00000093",="0000000016","","ATM"
="000258",="622218647461","ATM NDC (02)","HOST_SPM (08)","Financial Transaction Request","Balance Inquiry ","Approved","507656XXXXXX8740","08/10/2026 20:02:34","08/10/2026 18:02:34","0.00 MGA",="00000093",="0000000016",="721020","HST"
="000256",="622218647459","ATM NDC (02)","STAND IN","Financial Transaction Request","Authentication Request ","Approved","507656XXXXXX8740","08/10/2026 20:02:31","08/10/2026 18:02:31","0.00 MGA",="00000093",="0000000016",="007472","HST"
="002628",="622217783473","ATM NDC (02)","HOST_SPM (08)","Financial Transaction Request","Balance Inquiry ","Approved","507656XXXXXX8438","08/10/2026 19:58:22","08/10/2026 17:58:22","0.00 MGA",="00000087",="0000000010",="718480","HST"
="002626",="622217783471","ATM NDC (02)","STAND IN","Financial Transaction Request","Authentication Request ","Approved","507656XXXXXX8438","08/10/2026 19:58:17","08/10/2026 17:58:18","0.00 MGA",="00000087",="0000000010",="079636","HST"
="002624",="622217783470","ATM NDC (02)","HOST_SPM (08)","Financial Transaction Request","Balance Inquiry ","Approved","507656XXXXXX8438","08/10/2026 19:57:34","08/10/2026 17:57:34","0.00 MGA",="00000087",="0000000010",="718020","HST"
="002622",="622217783468","ATM NDC (02)","STAND IN","Financial Transaction Request","Authentication Request ","Approved","507656XXXXXX8438","08/10/2026 19:57:28","08/10/2026 17:57:28","0.00 MGA",="00000087",="0000000010",="048105","HST"
="008936",="622217707126","ATM NDC (02)","HOST_SPM (08)","Financial Transaction Request","Balance Inquiry ","Approved","507656XXXXXX4305","08/10/2026 19:21:57","08/10/2026 17:21:57","0.00 MGA",="00000108",="0000000027",="696630","HST"
="008934",="622217707124","ATM NDC (02)","STAND IN","Financial Transaction Request","Authentication Request ","Approved","507656XXXXXX4305","08/10/2026 19:21:51","08/10/2026 17:21:51","0.00 MGA",="00000108",="0000000027",="060561","HST"
="007983",="622217884770","ATM NDC (02)","HOST_SPM (08)","Financial Transaction Request","WITHDRAWAL","Approved","507656XXXXXX8815","08/10/2026 19:21:40","08/10/2026 17:21:40","45,000.00 MGA",="00000094",="0000000017",="979646","HST"
="007981",="622217884768","ATM NDC (02)","STAND IN","Financial Transaction Request","Authentication Request ","Approved","507656XXXXXX8815","08/10/2026 19:21:29","08/10/2026 17:21:29","0.00 MGA",="00000094",="0000000017",="064785","HST"
="008933",="622217707123","ATM NDC (02)","HOST_SPM (08)","Financial Transaction Request","WITHDRAWAL","Approved","507656XXXXXX4305","08/10/2026 19:21:08","08/10/2026 17:21:09","45,000.00 MGA",="00000108",="0000000027",="169615","HST"
="008930",="622217707120","ATM NDC (02)","HOST_SPM (08)","Financial Transaction Request","WITHDRAWAL","Approved","507656XXXXXX4305","08/10/2026 19:20:22","08/10/2026 17:20:22","45,000.00 MGA",="00000108",="0000000027",="819567","HST"
="008928",="622217707118","ATM NDC (02)","STAND IN","Financial Transaction Request","Authentication Request ","Approved","507656XXXXXX4305","08/10/2026 19:20:12","08/10/2026 17:20:12","0.00 MGA",="00000108",="0000000027",="043272","HST"
="000255",="622217647458","ATM NDC (02)","HOST_SPM (08)","Financial Transaction Request","WITHDRAWAL","Approved","507656XXXXXX3203","08/10/2026 19:17:56","08/10/2026 17:17:56","300,000.00 MGA",="00000093",="0000000016",="589423","HST"
="000253",="622217647456","ATM NDC (02)","STAND IN","Financial Transaction Request","Authentication Request ","Approved","507656XXXXXX3203","08/10/2026 19:17:46","08/10/2026 17:17:46","0.00 MGA",="00000093",="0000000016",="071235","HST"
="000252",="622217647455","ATM NDC (02)","HOST_SPM (08)","Financial Transaction Request","WITHDRAWAL","Approved","507656XXXXXX3203","08/10/2026 19:16:58","08/10/2026 17:16:58","300,000.00 MGA",="00000093",="0000000016",="419364","HST"
="000250",="622217647453","ATM NDC (02)","HOST_SPM (08)","Financial Transaction Request","Balance Inquiry ","Approved","507656XXXXXX3203","08/10/2026 19:16:28","08/10/2026 17:16:28","0.00 MGA",="00000093",="0000000016",="693330","HST"
="000248",="622217647451","ATM NDC (02)","STAND IN","Financial Transaction Request","Authentication Request ","Approved","507656XXXXXX3203","08/10/2026 19:16:24","08/10/2026 17:16:25","0.00 MGA",="00000093",="0000000016",="017537","HST"
="005871",="622217952246","ATM NDC (02)","HOST_SPM (08)","Financial Transaction Request","Short statement request","Approved","507656XXXXXX6345","08/10/2026 19:02:22","08/10/2026 17:02:22","0.00 MGA",="00000102",="0000000022",="684860","HST"
="005869",="622217952244","ATM NDC (02)","HOST_SPM (08)","Financial Transaction Request","Balance Inquiry ","Approved","507656XXXXXX6345","08/10/2026 19:02:12","08/10/2026 17:02:12","0.00 MGA",="00000102",="0000000022",="684760","HST"
="005867",="622217952242","ATM NDC (02)","STAND IN","Financial Transaction Request","Authentication Request ","Approved","507656XXXXXX6345","08/10/2026 19:02:08","08/10/2026 17:02:08","0.00 MGA",="00000102",="0000000022",="020333","HST"
="003446",="622217260693","ATM NDC (02)","HOST_SPM (08)","Financial Transaction Request","WITHDRAWAL","Approved","507656XXXXXX2675","08/10/2026 19:01:18","08/10/2026 17:01:18","190,000.00 MGA",="00000096",="0000000018",="868423","HST"
="003444",="622217260691","ATM NDC (02)","STAND IN","Financial Transaction Request","Authentication Request ","Approved","507656XXXXXX2675","08/10/2026 19:00:58","08/10/2026 17:00:58","0.00 MGA",="00000096",="0000000018",="040337","HST"
="003439",="622216260686","ATM NDC (02)","STAND IN","Financial Transaction Request","Authentication Request ","Approved","507656XXXXXX2675","08/10/2026 18:59:51","08/10/2026 16:59:51","0.00 MGA",="00000096",="0000000018",="041561","HST"
="003436",="622216260683","ATM NDC (02)","HOST_SPM (08)","Financial Transaction Request","Balance Inquiry ","Approved","507656XXXXXX2675","08/10/2026 18:58:12","08/10/2026 16:58:12","0.00 MGA",="00000096",="0000000018",="682360","HST"
="003434",="622216260681","ATM NDC (02)","STAND IN","Financial Transaction Request","Authentication Request ","Approved","507656XXXXXX2675","08/10/2026 18:58:03","08/10/2026 16:58:03","0.00 MGA",="00000096",="0000000018",="019035","HST"
="003433",="622216260680","ATM NDC (02)","HOST_SPM (08)","Financial Transaction Request","WITHDRAWAL","Approved","507656XXXXXX3808","08/10/2026 18:51:58","08/10/2026 16:51:58","100,000.00 MGA",="00000096",="0000000018",="977863","HST"
="003431",="622216260678","ATM NDC (02)","STAND IN","Financial Transaction Request","Authentication Request ","Approved","507656XXXXXX3808","08/10/2026 18:51:51","08/10/2026 16:51:51","0.00 MGA",="00000096",="0000000018",="089029","HST"
="007282",="622216621779","ATM NDC (02)","HOST_SPM (08)","Financial Transaction Request","Balance Inquiry ","Approved","507656XXXXXX0363","08/10/2026 18:51:35","08/10/2026 16:51:35","0.00 MGA",="00000081",="0000000004",="678390","HST"
="007280",="622216621777","ATM NDC (02)","STAND IN","Financial Transaction Request","Authentication Request ","Approved","507656XXXXXX0363","08/10/2026 18:51:28","08/10/2026 16:51:28","0.00 MGA",="00000081",="0000000004",="096546","HST"
="003430",="622216260677","ATM NDC (02)","HOST_SPM (08)","Financial Transaction Request","WITHDRAWAL","Approved","507656XXXXXX3808","08/10/2026 18:51:10","08/10/2026 16:51:10","200,000.00 MGA",="00000096",="0000000018",="817816","HST"
="003428",="622216260675","ATM NDC (02)","HOST_SPM (08)","Financial Transaction Request","Balance Inquiry ","Approved","507656XXXXXX3808","08/10/2026 18:50:54","08/10/2026 16:50:54","0.00 MGA",="00000096",="0000000018",="677980","HST"
="003426",="622216260673","ATM NDC (02)","STAND IN","Financial Transaction Request","Authentication Request ","Approved","507656XXXXXX3808","08/10/2026 18:50:49","08/10/2026 16:50:49","0.00 MGA",="00000096",="0000000018",="050247","HST"
="003086",="622216571003","ATM NDC (02)","HOST_SPM (08)","Financial Transaction Request","WITHDRAWAL","Approved","507656XXXXXX7193","08/10/2026 18:48:57","08/10/2026 16:48:57","25,000.00 MGA",="00000100",="0000000021",="417682","HST"
="003084",="622216571001","ATM NDC (02)","HOST_SPM (08)","Financial Transaction Request","Balance Inquiry ","Approved","507656XXXXXX7193","08/10/2026 18:48:33","08/10/2026 16:48:34","0.00 MGA",="00000100",="0000000021",="676580","HST"
="003082",="622216570999","ATM NDC (02)","STAND IN","Financial Transaction Request","Authentication Request ","Approved","507656XXXXXX7193","08/10/2026 18:48:29","08/10/2026 16:48:29","0.00 MGA",="00000100",="0000000021",="053608","HST"
="009615",="622216312474","ATM NDC (02)","HOST_SPM (08)","Financial Transaction Request","WITHDRAWAL","Approved","507656XXXXXX7799","08/10/2026 18:47:39","08/10/2026 16:47:39","200,000.00 MGA",="00000086",="0000000009",="047604","HST"
="009613",="622216312472","ATM NDC (02)","STAND IN","Financial Transaction Request","Authentication Request ","Approved","507656XXXXXX7799","08/10/2026 18:47:31","08/10/2026 16:47:31","0.00 MGA",="00000086",="0000000009",="098163","HST"
="003425",="622216260672","ATM NDC (02)","HOST_SPM (08)","Financial Transaction Request","WITHDRAWAL","Approved","507656XXXXXX1655","08/10/2026 18:46:47","08/10/2026 16:46:47","295,000.00 MGA",="00000096",="0000000018",="527551","HST"
="003423",="622216260670","ATM NDC (02)","STAND IN","Financial Transaction Request","Authentication Request ","Approved","507656XXXXXX1655","08/10/2026 18:46:30","08/10/2026 16:46:30","0.00 MGA",="00000096",="0000000018",="009723","HST"
="003420",="622216260667","ATM NDC (02)","HOST_SPM (08)","Financial Transaction Request","Balance Inquiry ","Approved","507656XXXXXX1655","08/10/2026 18:45:37","08/10/2026 16:45:37","0.00 MGA",="00000096",="0000000018",="674810","HST"
="003418",="622216260665","ATM NDC (02)","STAND IN","Financial Transaction Request","Authentication Request ","Approved","507656XXXXXX1655","08/10/2026 18:45:30","08/10/2026 16:45:31","0.00 MGA",="00000096",="0000000018",="011791","HST"
="008706",="622216348772","ATM NDC (02)","HOST_SPM (08)","Financial Transaction Request","Balance Inquiry ","Approved","507656XXXXXX3974","08/10/2026 18:30:44","08/10/2026 16:30:44","0.00 MGA",="00000089",="0000000012",="665880","HST"
="008704",="622216348770","ATM NDC (02)","STAND IN","Financial Transaction Request","Authentication Request ","Approved","507656XXXXXX3974","08/10/2026 18:30:39","08/10/2026 16:30:40","0.00 MGA",="00000089",="0000000012",="021423","HST"
="008703",="622216348769","ATM NDC (02)","HOST_SPM (08)","Financial Transaction Request","WITHDRAWAL","Approved","507656XXXXXX3974","08/10/2026 18:30:00","08/10/2026 16:30:00","20,000.00 MGA",="00000089",="0000000012",="956545","HST"
="008701",="622216348767","ATM NDC (02)","HOST_SPM (08)","Financial Transaction Request","Balance Inquiry ","Approved","507656XXXXXX3974","08/10/2026 18:29:40","08/10/2026 16:29:40","0.00 MGA",="00000089",="0000000012",="665250","HST"
="008699",="622216348765","ATM NDC (02)","STAND IN","Financial Transaction Request","Authentication Request ","Approved","507656XXXXXX3974","08/10/2026 18:29:36","08/10/2026 16:29:36","0.00 MGA",="00000089",="0000000012",="008735","HST"
="001241",="622216448270","ATM NDC (02)","HOST_SPM (08)","Financial Transaction Request","WITHDRAWAL","Approved","507656XXXXXX5902","08/10/2026 18:26:07","08/10/2026 16:26:07","20,000.00 MGA",="00000084",="0000000007",="976312","HST"
="001238",="622216448267","ATM NDC (02)","HOST_SPM (08)","Financial Transaction Request","WITHDRAWAL","Approved","507656XXXXXX8281","08/10/2026 18:23:57","08/10/2026 16:23:57","60,000.00 MGA",="00000084",="0000000007",="816182","HST"
="001236",="622216448265","ATM NDC (02)","STAND IN","Financial Transaction Request","Authentication Request ","Approved","507656XXXXXX8281","08/10/2026 18:23:39","08/10/2026 16:23:39","0.00 MGA",="00000084",="0000000007",="054410","HST"
="009611",="622216312471","ATM NDC (02)","HOST_SPM (08)","Financial Transaction Request","Balance Inquiry ","Approved","507656XXXXXX4314","08/10/2026 18:18:27","08/10/2026 16:18:27","0.00 MGA",="00000086",="0000000009",="658520","HST"
="009609",="622216312469","ATM NDC (02)","STAND IN","Financial Transaction Request","Authentication Request ","Approved","507656XXXXXX4314","08/10/2026 18:18:23","08/10/2026 16:18:23","0.00 MGA",="00000086",="0000000009",="038235","HST"
="006419",="622216707444","ATM NDC (02)","HOST_SPM (08)","Financial Transaction Request","WITHDRAWAL","Approved","507656XXXXXX4125","08/10/2026 18:13:27","08/10/2026 16:13:27","250,000.00 MGA",="00000107",="0000000026",="045551","HST"
="001532",="622216543441","ATM NDC (02)","HOST_SPM (08)","Financial Transaction Request","WITHDRAWAL","Approved","507656XXXXXX5401","08/10/2026 18:11:45","08/10/2026 16:11:45","5,000.00 MGA",="00000105",="0000000024",="175450","HST"
="003821",="622216432518","ATM NDC (02)","HOST_SPM (08)","Financial Transaction Request","WITHDRAWAL","Approved","507656XXXXXX4718","08/10/2026 18:09:39","08/10/2026 16:09:39","130,000.00 MGA",="00000088",="0000000011",="815324","HST"
="003819",="622216432516","ATM NDC (02)","HOST_SPM (08)","Financial Transaction Request","Balance Inquiry ","Approved","507656XXXXXX4718","08/10/2026 18:09:20","08/10/2026 16:09:20","0.00 MGA",="00000088",="0000000011",="653040","HST"
="003817",="622216432514","ATM NDC (02)","STAND IN","Financial Transaction Request","Authentication Request ","Approved","507656XXXXXX4718","08/10/2026 18:09:14","08/10/2026 16:09:15","0.00 MGA",="00000088",="0000000011",="071170","HST"
="002994",="622216246224","ATM NDC (02)","HOST_SPM (08)","Financial Transaction Request","Balance Inquiry ","Approved","507656XXXXXX4651","08/10/2026 18:06:06","08/10/2026 16:06:07","0.00 MGA",="00000109",="0000000028",="651100","HST"
="002992",="622216246222","ATM NDC (02)","STAND IN","Financial Transaction Request","Authentication Request ","Approved","507656XXXXXX4651","08/10/2026 18:06:01","08/10/2026 16:06:01","0.00 MGA",="00000109",="0000000028",="099476","HST"
="003816",="622215432513","ATM NDC (02)","HOST_SPM (08)","Financial Transaction Request","WITHDRAWAL","Approved","507656XXXXXX3323","08/10/2026 17:59:40","08/10/2026 15:59:40","100,000.00 MGA",="00000088",="0000000011",="254725","HST"
="003811",="622215432508","ATM NDC (02)","STAND IN","Financial Transaction Request","Authentication Request ","Approved","507656XXXXXX3323","08/10/2026 17:58:40","08/10/2026 15:58:40","0.00 MGA",="00000088",="0000000011",="032846","HST"
="003810",="622215432507","ATM NDC (02)","HOST_SPM (08)","Financial Transaction Request","WITHDRAWAL","Approved","507656XXXXXX3323","08/10/2026 17:57:45","08/10/2026 15:57:45","200,000.00 MGA",="00000088",="0000000011",="164610","HST"
="005865",="622215952241","ATM NDC (02)","HOST_SPM (08)","Financial Transaction Request","Balance Inquiry ","Approved","507656XXXXXX5872","08/10/2026 17:50:47","08/10/2026 15:50:47","0.00 MGA",="00000102",="0000000022",="641910","HST"
="005863",="622215952239","ATM NDC (02)","STAND IN","Financial Transaction Request","Authentication Request ","Approved","507656XXXXXX5872","08/10/2026 17:50:42","08/10/2026 15:50:42","0.00 MGA",="00000102",="0000000022",="045826","HST"
="005860",="622215952236","ATM NDC (02)","STAND IN","Financial Transaction Request","Authentication Request ","Approved","507656XXXXXX5872","08/10/2026 17:49:46","08/10/2026 15:49:46","0.00 MGA",="00000102",="0000000022",="063204","HST"
="005859",="622215952235","ATM NDC (02)","HOST_SPM (08)","Financial Transaction Request","WITHDRAWAL","Approved","507656XXXXXX5872","08/10/2026 17:48:58","08/10/2026 15:48:58","50,000.00 MGA",="00000102",="0000000022",="044083","HST"
="005857",="622215952233","ATM NDC (02)","STAND IN","Financial Transaction Request","Authentication Request ","Approved","507656XXXXXX5872","08/10/2026 17:48:45","08/10/2026 15:48:45","0.00 MGA",="00000102",="0000000022",="011124","HST"
="005856",="622215952232","ATM NDC (02)","HOST_SPM (08)","Financial Transaction Request","WITHDRAWAL","Approved","507656XXXXXX5872","08/10/2026 17:47:58","08/10/2026 15:47:58","100,000.00 MGA",="00000102",="0000000022",="174022","HST"
="005854",="622215952230","ATM NDC (02)","STAND IN","Financial Transaction Request","Authentication Request ","Approved","507656XXXXXX5872","08/10/2026 17:47:48","08/10/2026 15:47:48","0.00 MGA",="00000102",="0000000022",="087293","HST"
="001235",="622215448264","ATM NDC (02)","HOST_SPM (08)","Financial Transaction Request","WITHDRAWAL","Approved","507656XXXXXX4882","08/10/2026 17:47:36","08/10/2026 15:47:36","70,000.00 MGA",="00000084",="0000000007",="604001","HST"
="001233",="622215448262","ATM NDC (02)","STAND IN","Financial Transaction Request","Authentication Request ","Approved","507656XXXXXX4882","08/10/2026 17:47:26","08/10/2026 15:47:26","0.00 MGA",="00000084",="0000000007",="069887","HST"
="005853",="622215952229","ATM NDC (02)","HOST_SPM (08)","Financial Transaction Request","WITHDRAWAL","Approved","507656XXXXXX5872","08/10/2026 17:47:04","08/10/2026 15:47:04","200,000.00 MGA",="00000102",="0000000022",="813969","HST"
="005851",="622215952227","ATM NDC (02)","HOST_SPM (08)","Financial Transaction Request","Balance Inquiry ","Approved","507656XXXXXX5872","08/10/2026 17:46:49","08/10/2026 15:46:49","0.00 MGA",="00000102",="0000000022",="639530","HST"
="005849",="622215952225","ATM NDC (02)","STAND IN","Financial Transaction Request","Authentication Request ","Approved","507656XXXXXX5872","08/10/2026 17:46:38","08/10/2026 15:46:38","0.00 MGA",="00000102",="0000000022",="056800","HST"
="007279",="622215621776","ATM NDC (02)","HOST_SPM (08)","Financial Transaction Request","WITHDRAWAL","Approved","507656XXXXXX6946","08/10/2026 17:44:03","08/10/2026 15:44:03","100,000.00 MGA",="00000081",="0000000004",="863788","HST"
="007277",="622215621774","ATM NDC (02)","HOST_SPM (08)","Financial Transaction Request","Balance Inquiry ","Approved","507656XXXXXX6946","08/10/2026 17:43:51","08/10/2026 15:43:51","0.00 MGA",="00000081",="0000000004",="637750","HST"
="001231",="622215448259","ATM NDC (02)","HOST_SPM (08)","Reversal Advice","WITHDRAWAL","Reversal accepted","507656XXXXXX4882","08/10/2026 17:42:16","08/10/2026 15:43:25","70,000.00 MGA",="00000084",="0000000007","","HST"
="001190",="622215511246","ATM NDC (02)","HOST_SPM (08)","Financial Transaction Request","WITHDRAWAL","Approved","507656XXXXXX3846","08/10/2026 17:43:10","08/10/2026 15:43:10","20,000.00 MGA",="00000092",="0000000015",="953735","HST"
="001188",="622215511244","ATM NDC (02)","STAND IN","Financial Transaction Request","Authentication Request ","Approved","507656XXXXXX3846","08/10/2026 17:43:02","08/10/2026 15:43:02","0.00 MGA",="00000092",="0000000015",="034540","HST"
="001231",="622215448259","ATM NDC (02)","HOST_SPM (08)","Financial Transaction Request","WITHDRAWAL","Canceled","507656XXXXXX4882","08/10/2026 17:42:16","08/10/2026 15:42:16","70,000.00 MGA",="00000084",="0000000007",="443681","HST"
="001229",="622215448257","ATM NDC (02)","STAND IN","Financial Transaction Request","Authentication Request ","Approved","507656XXXXXX4882","08/10/2026 17:42:07","08/10/2026 15:42:07","0.00 MGA",="00000084",="0000000007",="094270","HST"
="007274",="622215621771","ATM NDC (02)","HOST_SPM (08)","Financial Transaction Request","WITHDRAWAL","Approved","507656XXXXXX1456","08/10/2026 17:33:30","08/10/2026 15:33:30","400,000.00 MGA",="00000081",="0000000004",="723154","HST"
="007272",="622215621769","ATM NDC (02)","STAND IN","Financial Transaction Request","Authentication Request ","Approved","507656XXXXXX1456","08/10/2026 17:33:24","08/10/2026 15:33:24","0.00 MGA",="00000081",="0000000004",="058946","HST"
="007271",="622215621768","ATM NDC (02)","HOST_SPM (08)","Financial Transaction Request","WITHDRAWAL","Approved","507656XXXXXX1456","08/10/2026 17:32:42","08/10/2026 15:32:42","800,000.00 MGA",="00000081",="0000000004",="583107","HST"
="007267",="622215621764","ATM NDC (02)","HOST_SPM (08)","Financial Transaction Request","Balance Inquiry ","Approved","507656XXXXXX1456","08/10/2026 17:32:04","08/10/2026 15:32:04","0.00 MGA",="00000081",="0000000004",="630680","HST"
="007265",="622215621762","ATM NDC (02)","STAND IN","Financial Transaction Request","Authentication Request ","Approved","507656XXXXXX1456","08/10/2026 17:31:59","08/10/2026 15:31:59","0.00 MGA",="00000081",="0000000004",="036106","HST"
="002358",="622215261583","ATM NDC (02)","HOST_SPM (08)","Financial Transaction Request","WITHDRAWAL","Approved","507656XXXXXX8825","08/10/2026 17:31:18","08/10/2026 15:31:18","400,000.00 MGA",="00000103",="0000000023",="043024","HST"
="002356",="622215261581","ATM NDC (02)","STAND IN","Financial Transaction Request","Authentication Request ","Approved","507656XXXXXX8825","08/10/2026 17:31:07","08/10/2026 15:31:07","0.00 MGA",="00000103",="0000000023",="071910","HST"
="002354",="622215261580","ATM NDC (02)","HOST_SPM (08)","Financial Transaction Request","Balance Inquiry ","Approved","507656XXXXXX8825","08/10/2026 17:27:04","08/10/2026 15:27:04","0.00 MGA",="00000103",="0000000023",="627680","HST"
="002352",="622215261578","ATM NDC (02)","STAND IN","Financial Transaction Request","Authentication Request ","Approved","507656XXXXXX8825","08/10/2026 17:26:58","08/10/2026 15:26:58","0.00 MGA",="00000103",="0000000023",="072212","HST"
="007264",="622215621761","ATM NDC (02)","HOST_SPM (08)","Financial Transaction Request","WITHDRAWAL","Approved","507656XXXXXX8978","08/10/2026 17:25:35","08/10/2026 15:25:35","5,000.00 MGA",="00000081",="0000000004",="462680","HST"
="007262",="622215621759","ATM NDC (02)","STAND IN","Financial Transaction Request","Authentication Request ","Approved","507656XXXXXX8978","08/10/2026 17:25:26","08/10/2026 15:25:26","0.00 MGA",="00000081",="0000000004",="077786","HST"
="007261",="622215621758","ATM NDC (02)","HOST_SPM (08)","Financial Transaction Request","WITHDRAWAL","Approved","507656XXXXXX1919","08/10/2026 17:22:27","08/10/2026 15:22:27","800,000.00 MGA",="00000081",="0000000004",="862492","HST"
="007259",="622215621756","ATM NDC (02)","STAND IN","Financial Transaction Request","Authentication Request ","Approved","507656XXXXXX1919","08/10/2026 17:22:22","08/10/2026 15:22:22","0.00 MGA",="00000081",="0000000004",="029701","HST"
="007257",="622215621755","ATM NDC (02)","HOST_SPM (08)","Financial Transaction Request","Balance Inquiry ","Approved","507656XXXXXX5241","08/10/2026 17:21:03","08/10/2026 15:21:03","0.00 MGA",="00000081",="0000000004",="624070","HST"
="007255",="622215621753","ATM NDC (02)","STAND IN","Financial Transaction Request","Authentication Request ","Approved","507656XXXXXX5241","08/10/2026 17:20:58","08/10/2026 15:20:58","0.00 MGA",="00000081",="0000000004",="057222","HST"
="007254",="622215621752","ATM NDC (02)","HOST_SPM (08)","Financial Transaction Request","WITHDRAWAL","Approved","507656XXXXXX5241","08/10/2026 17:20:15","08/10/2026 15:20:15","200,000.00 MGA",="00000081",="0000000004",="952359","HST"
="003415",="622215260662","ATM NDC (02)","HOST_SPM (08)","Financial Transaction Request","WITHDRAWAL","Approved","507656XXXXXX5542","08/10/2026 17:19:59","08/10/2026 15:19:59","190,000.00 MGA",="00000096",="0000000018",="252344","HST"
="002620",="622215783466","ATM NDC (02)","HOST_SPM (08)","Financial Transaction Request","WITHDRAWAL","Approved","507656XXXXXX0763","08/10/2026 17:19:32","08/10/2026 15:19:32","500,000.00 MGA",="00000087",="0000000010",="442316","HST"
="003413",="622215260660","ATM NDC (02)","HOST_SPM (08)","Financial Transaction Request","Balance Inquiry ","Approved","507656XXXXXX5542","08/10/2026 17:19:18","08/10/2026 15:19:18","0.00 MGA",="00000096",="0000000018",="623020","HST"
="003411",="622215260658","ATM NDC (02)","STAND IN","Financial Transaction Request","Authentication Request ","Approved","507656XXXXXX5542","08/10/2026 17:19:12","08/10/2026 15:19:12","0.00 MGA",="00000096",="0000000018",="032211","HST"
="002618",="622215783464","ATM NDC (02)","HOST_SPM (08)","Financial Transaction Request","Balance Inquiry ","Approved","507656XXXXXX0763","08/10/2026 17:18:55","08/10/2026 15:18:55","0.00 MGA",="00000087",="0000000010",="622790","HST"
="002616",="622215783462","ATM NDC (02)","STAND IN","Financial Transaction Request","Authentication Request ","Approved","507656XXXXXX0763","08/10/2026 17:18:51","08/10/2026 15:18:51","0.00 MGA",="00000087",="0000000010",="020203","HST"
="003407",="622215260655","ATM NDC (02)","STAND IN","Financial Transaction Request","Authentication Request ","Approved","507656XXXXXX7863","08/10/2026 17:17:46","08/10/2026 15:17:46","0.00 MGA",="00000096",="0000000018",="027311","HST"
="003406",="622215260654","ATM NDC (02)","HOST_SPM (08)","Financial Transaction Request","WITHDRAWAL","Approved","507656XXXXXX5077","08/10/2026 17:16:48","08/10/2026 15:16:48","10,000.00 MGA",="00000096",="0000000018",="582153","HST"
="003404",="622215260652","ATM NDC (02)","STAND IN","Financial Transaction Request","Authentication Request ","Approved","507656XXXXXX5077","08/10/2026 17:16:36","08/10/2026 15:16:36","0.00 MGA",="00000096",="0000000018",="003164","HST"
="003401",="622215260649","ATM NDC (02)","STAND IN","Financial Transaction Request","Authentication Request ","Approved","507656XXXXXX5077","08/10/2026 17:15:59","08/10/2026 15:15:59","0.00 MGA",="00000096",="0000000018",="024668","HST"
="003398",="622215260646","ATM NDC (02)","STAND IN","Financial Transaction Request","Authentication Request ","Approved","507656XXXXXX5077","08/10/2026 17:14:42","08/10/2026 15:14:42","0.00 MGA",="00000096",="0000000018",="001474","HST"
="003396",="622215260645","ATM NDC (02)","HOST_SPM (08)","Financial Transaction Request","Balance Inquiry ","Approved","507656XXXXXX5077","08/10/2026 17:13:55","08/10/2026 15:13:55","0.00 MGA",="00000096",="0000000018",="619790","HST"
="003392",="622215260642","ATM NDC (02)","HOST_SPM (08)","Financial Transaction Request","Balance Inquiry ","Approved","507656XXXXXX7863","08/10/2026 17:12:39","08/10/2026 15:12:39","0.00 MGA",="00000096",="0000000018",="619030","HST"
="003390",="622215260640","ATM NDC (02)","STAND IN","Financial Transaction Request","Authentication Request ","Approved","507656XXXXXX7863","08/10/2026 17:12:32","08/10/2026 15:12:33","0.00 MGA",="00000096",="0000000018",="043178","HST"
="007251",="622215621749","ATM NDC (02)","HOST_SPM (08)","Financial Transaction Request","WITHDRAWAL","Approved","507656XXXXXX7032","08/10/2026 17:12:33","08/10/2026 15:12:33","30,000.00 MGA",="00000081",="0000000004",="601898","HST"
="007249",="622215621747","ATM NDC (02)","STAND IN","Financial Transaction Request","Authentication Request ","Approved","507656XXXXXX7032","08/10/2026 17:12:25","08/10/2026 15:12:25","0.00 MGA",="00000081",="0000000004",="058929","HST"
="000247",="622215647450","ATM NDC (02)","HOST_SPM (08)","Financial Transaction Request","WITHDRAWAL","Approved","507656XXXXXX4321","08/10/2026 17:12:11","08/10/2026 15:12:11","50,000.00 MGA",="00000093",="0000000016",="811876","HST"
="000245",="622215647448","ATM NDC (02)","HOST_SPM (08)","Financial Transaction Request","Balance Inquiry ","Approved","507656XXXXXX4321","08/10/2026 17:11:48","08/10/2026 15:11:48","0.00 MGA",="00000093",="0000000016",="618520","HST"
="000243",="622215647446","ATM NDC (02)","STAND IN","Financial Transaction Request","Authentication Request ","Approved","507656XXXXXX4321","08/10/2026 17:11:44","08/10/2026 15:11:44","0.00 MGA",="00000093",="0000000016",="011918","HST"
="007248",="622215621746","ATM NDC (02)","HOST_SPM (08)","Financial Transaction Request","WITHDRAWAL","Approved","507656XXXXXX7816","08/10/2026 17:11:08","08/10/2026 15:11:08","100,000.00 MGA",="00000081",="0000000004",="211813","HST"
="007246",="622215621744","ATM NDC (02)","STAND IN","Financial Transaction Request","Authentication Request ","Approved","507656XXXXXX7816","08/10/2026 17:11:02","08/10/2026 15:11:02","0.00 MGA",="00000081",="0000000004",="087367","HST"
="007245",="622215621743","ATM NDC (02)","STAND IN","Financial Transaction Request","Authentication Request ","Incorrect PIN","507656XXXXXX7816","08/10/2026 17:10:53","08/10/2026 15:10:53","0.00 MGA",="00000081",="0000000004","","HST"
="001529",="622215543438","ATM NDC (02)","HOST_SPM (08)","Financial Transaction Request","WITHDRAWAL","Approved","507656XXXXXX6887","08/10/2026 17:10:44","08/10/2026 15:10:44","20,000.00 MGA",="00000105",="0000000024",="861789","HST"
="003389",="622215260639","ATM NDC (02)","HOST_SPM (08)","Financial Transaction Request","WITHDRAWAL","No sufficient funds","507656XXXXXX5290","08/10/2026 17:10:36","08/10/2026 15:10:36","5,000.00 MGA",="00000096",="0000000018","","HST"
="003387",="622215260637","ATM NDC (02)","HOST_SPM (08)","Financial Transaction Request","Balance Inquiry ","Approved","507656XXXXXX5290","08/10/2026 17:09:56","08/10/2026 15:09:56","0.00 MGA",="00000096",="0000000018",="617400","HST"
="003385",="622215260635","ATM NDC (02)","STAND IN","Financial Transaction Request","Authentication Request ","Approved","507656XXXXXX5290","08/10/2026 17:09:50","08/10/2026 15:09:50","0.00 MGA",="00000096",="0000000018",="084429","HST"
="007244",="622215621742","ATM NDC (02)","HOST_SPM (08)","Financial Transaction Request","WITHDRAWAL","Approved","507656XXXXXX4524","08/10/2026 17:09:49","08/10/2026 15:09:49","20,000.00 MGA",="00000081",="0000000004",="951734","HST"
="007242",="622215621740","ATM NDC (02)","HOST_SPM (08)","Financial Transaction Request","Balance Inquiry ","Approved","507656XXXXXX4524","08/10/2026 17:09:34","08/10/2026 15:09:34","0.00 MGA",="00000081",="0000000004",="617180","HST"
="007240",="622215621738","ATM NDC (02)","STAND IN","Financial Transaction Request","Authentication Request ","Approved","507656XXXXXX4524","08/10/2026 17:09:27","08/10/2026 15:09:27","0.00 MGA",="00000081",="0000000004",="042587","HST"
="007239",="622215621737","ATM NDC (02)","HOST_SPM (08)","Financial Transaction Request","WITHDRAWAL","Approved","507656XXXXXX3489","08/10/2026 17:08:23","08/10/2026 15:08:23","55,000.00 MGA",="00000081",="0000000004",="971647","HST"
="007237",="622215621735","ATM NDC (02)","HOST_SPM (08)","Financial Transaction Request","Balance Inquiry ","Approved","507656XXXXXX3489","08/10/2026 17:08:01","08/10/2026 15:08:01","0.00 MGA",="00000081",="0000000004",="616260","HST"
="007235",="622215621733","ATM NDC (02)","STAND IN","Financial Transaction Request","Authentication Request ","Approved","507656XXXXXX3489","08/10/2026 17:07:56","08/10/2026 15:07:56","0.00 MGA",="00000081",="0000000004",="060748","HST"
="007234",="622215621732","ATM NDC (02)","HOST_SPM (08)","Financial Transaction Request","WITHDRAWAL","Approved","507656XXXXXX6590","08/10/2026 17:06:05","08/10/2026 15:06:05","50,000.00 MGA",="00000081",="0000000004",="721512","HST"
="000242",="622215647445","ATM NDC (02)","HOST_SPM (08)","Financial Transaction Request","WITHDRAWAL","Approved","507656XXXXXX8501","08/10/2026 17:05:58","08/10/2026 15:05:58","50,000.00 MGA",="00000093",="0000000016",="581503","HST"
="000240",="622215647443","ATM NDC (02)","STAND IN","Financial Transaction Request","Authentication Request ","Approved","507656XXXXXX8501","08/10/2026 17:05:45","08/10/2026 15:05:45","0.00 MGA",="00000093",="0000000016",="083172","HST"
="007230",="622215621728","ATM NDC (02)","STAND IN","Financial Transaction Request","Authentication Request ","Approved","507656XXXXXX6590","08/10/2026 17:05:44","08/10/2026 15:05:44","0.00 MGA",="00000081",="0000000004",="055920","HST"
="000239",="622215647442","ATM NDC (02)","STAND IN","Financial Transaction Request","Authentication Request ","Approved","507656XXXXXX8501","08/10/2026 17:04:52","08/10/2026 15:04:52","0.00 MGA",="00000093",="0000000016",="061284","HST"
="007229",="622215621727","ATM NDC (02)","HOST_SPM (08)","Financial Transaction Request","WITHDRAWAL","Approved","507656XXXXXX0076","08/10/2026 17:01:42","08/10/2026 15:01:42","20,000.00 MGA",="00000081",="0000000004",="041246","HST"
="007227",="622215621725","ATM NDC (02)","STAND IN","Financial Transaction Request","Authentication Request ","Approved","507656XXXXXX0076","08/10/2026 17:01:34","08/10/2026 15:01:34","0.00 MGA",="00000081",="0000000004",="081960","HST"
="006026",="622215240167","ATM NDC (02)","HOST_SPM (08)","Financial Transaction Request","WITHDRAWAL","Approved","507656XXXXXX1073","08/10/2026 17:01:29","08/10/2026 15:01:29","60,000.00 MGA",="00000082",="0000000005",="521233","HST"
="006024",="622215240165","ATM NDC (02)","HOST_SPM (08)","Financial Transaction Request","Balance Inquiry ","Approved","507656XXXXXX1073","08/10/2026 17:01:06","08/10/2026 15:01:06","0.00 MGA",="00000082",="0000000005",="612110","HST"
="006022",="622215240163","ATM NDC (02)","STAND IN","Financial Transaction Request","Authentication Request ","Approved","507656XXXXXX1073","08/10/2026 17:01:01","08/10/2026 15:01:01","0.00 MGA",="00000082",="0000000005",="052344","HST"
="007224",="622214621722","ATM NDC (02)","HOST_SPM (08)","Financial Transaction Request","Balance Inquiry ","Approved","507656XXXXXX5996","08/10/2026 16:59:22","08/10/2026 14:59:22","0.00 MGA",="00000081",="0000000004",="611060","HST"
="007222",="622214621720","ATM NDC (02)","STAND IN","Financial Transaction Request","Authentication Request ","Approved","507656XXXXXX5996","08/10/2026 16:59:18","08/10/2026 14:59:18","0.00 MGA",="00000081",="0000000004",="038613","HST"
="001187",="622214511243","ATM NDC (02)","HOST_SPM (08)","Financial Transaction Request","WITHDRAWAL","Approved","507656XXXXXX1964","08/10/2026 16:55:31","08/10/2026 14:55:31","30,000.00 MGA",="00000092",="0000000015",="860875","HST"
="007221",="622214621719","ATM NDC (02)","HOST_SPM (08)","Financial Transaction Request","WITHDRAWAL","Approved","507656XXXXXX2562","08/10/2026 16:55:21","08/10/2026 14:55:21","50,000.00 MGA",="00000081",="0000000004",="610865","HST"
="001185",="622214511241","ATM NDC (02)","STAND IN","Financial Transaction Request","Authentication Request ","Approved","507656XXXXXX1964","08/10/2026 16:55:16","08/10/2026 14:55:16","0.00 MGA",="00000092",="0000000015",="002428","HST"
="007219",="622214621717","ATM NDC (02)","HOST_SPM (08)","Financial Transaction Request","Short statement request","Approved","507656XXXXXX2562","08/10/2026 16:54:59","08/10/2026 14:54:59","0.00 MGA",="00000081",="0000000004",="608430","HST"
="007215",="622214621713","ATM NDC (02)","STAND IN","Financial Transaction Request","Authentication Request ","Approved","507656XXXXXX2562","08/10/2026 16:54:45","08/10/2026 14:54:45","0.00 MGA",="00000081",="0000000004",="099335","HST"
="005909",="622214649224","ATM NDC (02)","HOST_SPM (08)","Financial Transaction Request","WITHDRAWAL","Approved","507656XXXXXX0352","08/10/2026 16:54:10","08/10/2026 14:54:10","10,000.00 MGA",="00000090",="0000000013",="440794","HST"
="007212",="622214621710","ATM NDC (02)","STAND IN","Financial Transaction Request","Authentication Request ","Approved","507656XXXXXX7877","08/10/2026 16:53:50","08/10/2026 14:53:51","0.00 MGA",="00000081",="0000000004",="034288","HST"
="005905",="622214649220","ATM NDC (02)","STAND IN","Financial Transaction Request","Authentication Request ","Approved","507656XXXXXX0352","08/10/2026 16:53:35","08/10/2026 14:53:35","0.00 MGA",="00000090",="0000000013",="085501","HST"
="001662",="622214248117","ATM NDC (02)","HOST_SPM (08)","Financial Transaction Request","WITHDRAWAL","Approved","507656XXXXXX0035","08/10/2026 16:53:17","08/10/2026 14:53:17","50,000.00 MGA",="00000083",="0000000006",="810742","HST"
="007211",="622214621709","ATM NDC (02)","HOST_SPM (08)","Financial Transaction Request","WITHDRAWAL","Approved","507656XXXXXX7877","08/10/2026 16:53:14","08/10/2026 14:53:14","20,000.00 MGA",="00000081",="0000000004",="720740","HST"
="007209",="622214621707","ATM NDC (02)","STAND IN","Financial Transaction Request","Authentication Request ","Approved","507656XXXXXX7877","08/10/2026 16:53:08","08/10/2026 14:53:08","0.00 MGA",="00000081",="0000000004",="039830","HST"
="001660",="622214248115","ATM NDC (02)","STAND IN","Financial Transaction Request","Authentication Request ","Approved","507656XXXXXX0035","08/10/2026 16:52:55","08/10/2026 14:52:55","0.00 MGA",="00000083",="0000000006",="083693","HST"
="007208",="622214621706","ATM NDC (02)","HOST_SPM (08)","Financial Transaction Request","WITHDRAWAL","Approved","507656XXXXXX0348","08/10/2026 16:49:22","08/10/2026 14:49:22","100,000.00 MGA",="00000081",="0000000004",="410507","HST"
="007205",="622214621703","ATM NDC (02)","HOST_SPM (08)","Financial Transaction Request","WITHDRAWAL","Approved","507656XXXXXX8966","08/10/2026 16:48:37","08/10/2026 14:48:37","5,000.00 MGA",="00000081",="0000000004",="240463","HST"
="007203",="622214621701","ATM NDC (02)","STAND IN","Financial Transaction Request","Authentication Request ","Approved","507656XXXXXX8966","08/10/2026 16:48:28","08/10/2026 14:48:28","0.00 MGA",="00000081",="0000000004",="058184","HST"
="007202",="622214621700","ATM NDC (02)","HOST_SPM (08)","Financial Transaction Request","WITHDRAWAL","Approved","507656XXXXXX1339","08/10/2026 16:47:40","08/10/2026 14:47:40","400,000.00 MGA",="00000081",="0000000004",="520405","HST"
="007200",="622214621698","ATM NDC (02)","HOST_SPM (08)","Financial Transaction Request","Balance Inquiry ","Approved","507656XXXXXX1339","08/10/2026 16:47:08","08/10/2026 14:47:08","0.00 MGA",="00000081",="0000000004",="603730","HST"
="001658",="622214248114","ATM NDC (02)","HOST_SPM (08)","Financial Transaction Request","Balance Inquiry ","Approved","507656XXXXXX1522","08/10/2026 16:45:11","08/10/2026 14:45:11","0.00 MGA",="00000083",="0000000006",="602550","HST"
="001656",="622214248112","ATM NDC (02)","STAND IN","Financial Transaction Request","Authentication Request ","Approved","507656XXXXXX1522","08/10/2026 16:45:06","08/10/2026 14:45:06","0.00 MGA",="00000083",="0000000006",="087542","HST"
="001654",="622214248111","ATM NDC (02)","HOST_SPM (08)","Financial Transaction Request","Short statement request","Approved","507656XXXXXX1522","08/10/2026 16:44:25","08/10/2026 14:44:25","0.00 MGA",="00000083",="0000000006",="602100","HST"
="001652",="622214248109","ATM NDC (02)","STAND IN","Financial Transaction Request","Authentication Request ","Approved","507656XXXXXX1522","08/10/2026 16:44:22","08/10/2026 14:44:22","0.00 MGA",="00000083",="0000000006",="007778","HST"
="007197",="622214621695","ATM NDC (02)","HOST_SPM (08)","Financial Transaction Request","WITHDRAWAL","Approved","507656XXXXXX4902","08/10/2026 16:40:38","08/10/2026 14:40:38","200,000.00 MGA",="00000081",="0000000004",="869983","HST"
="007195",="622214621693","ATM NDC (02)","HOST_SPM (08)","Financial Transaction Request","Balance Inquiry ","Approved","507656XXXXXX4902","08/10/2026 16:40:28","08/10/2026 14:40:28","0.00 MGA",="00000081",="0000000004",="599720","HST"
="007193",="622214621691","ATM NDC (02)","STAND IN","Financial Transaction Request","Authentication Request ","Approved","507656XXXXXX4902","08/10/2026 16:40:23","08/10/2026 14:40:23","0.00 MGA",="00000081",="0000000004",="078867","HST"
="008927",="622214707117","ATM NDC (02)","HOST_SPM (08)","Financial Transaction Request","WITHDRAWAL","Approved","507656XXXXXX3702","08/10/2026 16:36:01","08/10/2026 14:36:01","400,000.00 MGA",="00000108",="0000000027",="259706","HST"
="005904",="622214649219","ATM NDC (02)","HOST_SPM (08)","Financial Transaction Request","WITHDRAWAL","Approved","507656XXXXXX0170","08/10/2026 16:35:53","08/10/2026 14:35:53","400,000.00 MGA",="00000090",="0000000013",="449698","HST"
="008925",="622214707115","ATM NDC (02)","STAND IN","Financial Transaction Request","Authentication Request ","Approved","507656XXXXXX3702","08/10/2026 16:35:41","08/10/2026 14:35:41","0.00 MGA",="00000108",="0000000027",="070999","HST"
="005902",="622214649217","ATM NDC (02)","HOST_SPM (08)","Financial Transaction Request","Balance Inquiry ","Approved","507656XXXXXX0170","08/10/2026 16:35:33","08/10/2026 14:35:33","0.00 MGA",="00000090",="0000000013",="596770","HST"
="005900",="622214649215","ATM NDC (02)","STAND IN","Financial Transaction Request","Authentication Request ","Approved","507656XXXXXX0170","08/10/2026 16:35:29","08/10/2026 14:35:29","0.00 MGA",="00000090",="0000000013",="011366","HST"
="008924",="622214707114","ATM NDC (02)","HOST_SPM (08)","Financial Transaction Request","WITHDRAWAL","Approved","507656XXXXXX3702","08/10/2026 16:34:54","08/10/2026 14:34:54","400,000.00 MGA",="00000108",="0000000027",="169640","HST"
="008922",="622214707112","ATM NDC (02)","HOST_SPM (08)","Financial Transaction Request","Balance Inquiry ","Approved","507656XXXXXX3702","08/10/2026 16:34:27","08/10/2026 14:34:27","0.00 MGA",="00000108",="0000000027",="596110","HST"
="008920",="622214707110","ATM NDC (02)","STAND IN","Financial Transaction Request","Authentication Request ","Approved","507656XXXXXX3702","08/10/2026 16:34:21","08/10/2026 14:34:22","0.00 MGA",="00000108",="0000000027",="072549","HST"
="005898",="622214649214","ATM NDC (02)","HOST_SPM (08)","Financial Transaction Request","Balance Inquiry ","Approved","507656XXXXXX6920","08/10/2026 16:34:17","08/10/2026 14:34:17","0.00 MGA",="00000090",="0000000013",="596010","HST"
="005896",="622214649212","ATM NDC (02)","STAND IN","Financial Transaction Request","Authentication Request ","Approved","507656XXXXXX6920","08/10/2026 16:34:12","08/10/2026 14:34:12","0.00 MGA",="00000090",="0000000013",="048023","HST"
="003380",="622214260630","ATM NDC (02)","STAND IN","Financial Transaction Request","Authentication Request ","Approved","507656XXXXXX4536","08/10/2026 16:29:12","08/10/2026 14:29:12","0.00 MGA",="00000096",="0000000018",="051696","HST"
="002344",="622214261572","ATM NDC (02)","STAND IN","Financial Transaction Request","Authentication Request ","Approved","507656XXXXXX8771","08/10/2026 16:27:39","08/10/2026 14:27:39","0.00 MGA",="00000103",="0000000023",="011648","HST"
="003379",="622214260629","ATM NDC (02)","STAND IN","Financial Transaction Request","Authentication Request ","Rejected, Pick up card","507656XXXXXX7803","08/10/2026 16:19:18","08/10/2026 14:19:18","0.00 MGA",="00000096",="0000000018","","HST"
="000238",="622214647441","ATM NDC (02)","HOST_SPM (08)","Financial Transaction Request","WITHDRAWAL","Approved","507656XXXXXX4943","08/10/2026 16:15:43","08/10/2026 14:15:44","100,000.00 MGA",="00000093",="0000000016",="868489","HST"
="000236",="622214647439","ATM NDC (02)","STAND IN","Financial Transaction Request","Authentication Request ","Approved","507656XXXXXX4943","08/10/2026 16:15:37","08/10/2026 14:15:37","0.00 MGA",="00000093",="0000000016",="090768","HST"
="000235",="622214647438","ATM NDC (02)","HOST_SPM (08)","Financial Transaction Request","WITHDRAWAL","Approved","507656XXXXXX4943","08/10/2026 16:14:53","08/10/2026 14:14:53","400,000.00 MGA",="00000093",="0000000016",="888437","HST"
="000233",="622214647436","ATM NDC (02)","HOST_SPM (08)","Financial Transaction Request","Short statement request","Approved","507656XXXXXX4943","08/10/2026 16:14:25","08/10/2026 14:14:25","0.00 MGA",="00000093",="0000000016",="584090","HST"
="000231",="622214647434","ATM NDC (02)","HOST_SPM (08)","Financial Transaction Request","Balance Inquiry ","Approved","507656XXXXXX4943","08/10/2026 16:14:05","08/10/2026 14:14:05","0.00 MGA",="00000093",="0000000016",="583880","HST"
="002343",="622214261571","ATM NDC (02)","HOST_SPM (08)","Financial Transaction Request","WITHDRAWAL","Approved","507656XXXXXX5881","08/10/2026 16:13:01","08/10/2026 14:13:01","100,000.00 MGA",="00000103",="0000000023",="448325","HST"
="002341",="622214261569","ATM NDC (02)","STAND IN","Financial Transaction Request","Authentication Request ","Approved","507656XXXXXX5881","08/10/2026 16:12:54","08/10/2026 14:12:54","0.00 MGA",="00000103",="0000000023",="048612","HST"
="005895",="622214649211","ATM NDC (02)","HOST_SPM (08)","Financial Transaction Request","WITHDRAWAL","Approved","507656XXXXXX0437","08/10/2026 16:11:34","08/10/2026 14:11:34","600,000.00 MGA",="00000090",="0000000013",="168242","HST"
="005893",="622214649209","ATM NDC (02)","HOST_SPM (08)","Financial Transaction Request","Balance Inquiry ","Approved","507656XXXXXX0437","08/10/2026 16:11:16","08/10/2026 14:11:17","0.00 MGA",="00000090",="0000000013",="582210","HST"
="005891",="622214649207","ATM NDC (02)","STAND IN","Financial Transaction Request","Authentication Request ","Approved","507656XXXXXX0437","08/10/2026 16:11:12","08/10/2026 14:11:12","0.00 MGA",="00000090",="0000000013",="036314","HST"
="003378",="622213260628","ATM NDC (02)","HOST_SPM (08)","Financial Transaction Request","WITHDRAWAL","Approved","507656XXXXXX4907","08/10/2026 15:56:25","08/10/2026 13:56:25","585,000.00 MGA",="00000096",="0000000018",="527330","HST"
="003374",="622213260624","ATM NDC (02)","STAND IN","Financial Transaction Request","Authentication Request ","Approved","507656XXXXXX4907","08/10/2026 15:55:15","08/10/2026 13:55:16","0.00 MGA",="00000096",="0000000018",="074327","HST"
="003371",="622213260620","ATM NDC (02)","STAND IN","Financial Transaction Request","Authentication Request ","Approved","507656XXXXXX4907","08/10/2026 15:53:33","08/10/2026 13:53:33","0.00 MGA",="00000096",="0000000018",="014702","HST"
="002337",="622213261566","ATM NDC (02)","STAND IN","Financial Transaction Request","Authentication Request ","Approved","507656XXXXXX8825","08/10/2026 15:52:48","08/10/2026 13:52:49","0.00 MGA",="00000103",="0000000023",="089050","HST"
="002990",="622213783460","ATM NDC (02)","HOST_SPM (08)","Financial Transaction Request","Balance Inquiry ","Approved","507656XXXXXX7806","08/10/2026 15:42:51","08/10/2026 13:42:51","0.00 MGA",="00000109",="0000000028",="565160","HST"
="002988",="622213783458","ATM NDC (02)","STAND IN","Financial Transaction Request","Authentication Request ","Approved","507656XXXXXX7806","08/10/2026 15:42:31","08/10/2026 13:42:31","0.00 MGA",="00000109",="0000000028",="095485","HST"
="003366",="622213260615","ATM NDC (02)","HOST_SPM (08)","Financial Transaction Request","Balance Inquiry ","Approved","507656XXXXXX4907","08/10/2026 15:40:19","08/10/2026 13:40:19","0.00 MGA",="00000096",="0000000018",="563630","HST"
="003364",="622213260613","ATM NDC (02)","HOST_SPM (08)","Financial Transaction Request","Balance Inquiry ","Approved","507656XXXXXX4907","08/10/2026 15:39:48","08/10/2026 13:39:48","0.00 MGA",="00000096",="0000000018",="563320","HST"
="005889",="622213649206","ATM NDC (02)","HOST_SPM (08)","Financial Transaction Request","Balance Inquiry ","Approved","507656XXXXXX6920","08/10/2026 15:36:37","08/10/2026 13:36:38","0.00 MGA",="00000090",="0000000013",="561420","HST"
="005887",="622213649204","ATM NDC (02)","STAND IN","Financial Transaction Request","Authentication Request ","Approved","507656XXXXXX6920","08/10/2026 15:36:33","08/10/2026 13:36:33","0.00 MGA",="00000090",="0000000013",="003578","HST"
="001228",="622213246221","ATM NDC (02)","HOST_SPM (08)","Financial Transaction Request","WITHDRAWAL","Approved","507656XXXXXX4008","08/10/2026 15:24:54","08/10/2026 13:24:54","400,000.00 MGA",="00000084",="0000000007",="245439","HST"
="001226",="622213246219","ATM NDC (02)","STAND IN","Financial Transaction Request","Authentication Request ","Approved","507656XXXXXX4008","08/10/2026 15:24:38","08/10/2026 13:24:38","0.00 MGA",="00000084",="0000000007",="089582","HST"
="001225",="622213246218","ATM NDC (02)","HOST_SPM (08)","Financial Transaction Request","WITHDRAWAL","Approved","507656XXXXXX4008","08/10/2026 15:23:41","08/10/2026 13:23:41","800,000.00 MGA",="00000084",="0000000007",="525366","HST"
="001223",="622213246216","ATM NDC (02)","HOST_SPM (08)","Financial Transaction Request","Balance Inquiry ","Approved","507656XXXXXX4008","08/10/2026 15:23:09","08/10/2026 13:23:09","0.00 MGA",="00000084",="0000000007",="553330","HST"
="001219",="622213246213","ATM NDC (02)","HOST_SPM (08)","Financial Transaction Request","Balance Inquiry ","Approved","507656XXXXXX8910","08/10/2026 15:21:16","08/10/2026 13:21:16","0.00 MGA",="00000084",="0000000007",="552200","HST"
="007151",="622213415528","ATM NDC (02)","STAND IN","Financial Transaction Request","Authentication Request ","Approved","507656XXXXXX7103","08/10/2026 15:17:58","08/10/2026 13:17:58","0.00 MGA",="00000091",="0000000014",="013310","HST"
="001621",="622213314089","ATM NDC (02)","HOST_SPM (08)","Financial Transaction Request","WITHDRAWAL","Approved","507656XXXXXX0314","08/10/2026 15:01:45","08/10/2026 13:01:45","100,000.00 MGA",="00000085",="0000000008",="444053","HST"
="001619",="622213314087","ATM NDC (02)","HOST_SPM (08)","Financial Transaction Request","Balance Inquiry ","Approved","507656XXXXXX0314","08/10/2026 15:01:20","08/10/2026 13:01:20","0.00 MGA",="00000085",="0000000008",="540240","HST"
="001617",="622213314085","ATM NDC (02)","STAND IN","Financial Transaction Request","Authentication Request ","Approved","507656XXXXXX0314","08/10/2026 15:01:14","08/10/2026 13:01:14","0.00 MGA",="00000085",="0000000008",="026648","HST"
="009825",="622212775835","ATM NDC (02)","HOST_SPM (08)","Financial Transaction Request","Balance Inquiry ","Approved","507656XXXXXX0859","08/10/2026 14:58:35","08/10/2026 12:58:36","0.00 MGA",="00000106",="0000000025",="538600","HST"
="009823",="622212775833","ATM NDC (02)","STAND IN","Financial Transaction Request","Authentication Request ","Approved","507656XXXXXX0859","08/10/2026 14:58:25","08/10/2026 12:58:25","0.00 MGA",="00000106",="0000000025",="020529","HST"
="001650",="622212248108","ATM NDC (02)","HOST_SPM (08)","Financial Transaction Request","Balance Inquiry ","Approved","507656XXXXXX7178","08/10/2026 14:44:14","08/10/2026 12:44:14","0.00 MGA",="00000083",="0000000006",="529980","HST"
="001648",="622212248106","ATM NDC (02)","HOST_SPM (08)","Financial Transaction Request","Short statement request","Approved","507656XXXXXX7178","08/10/2026 14:44:04","08/10/2026 12:44:04","0.00 MGA",="00000083",="0000000006",="529880","HST"
="001646",="622212248104","ATM NDC (02)","STAND IN","Financial Transaction Request","Authentication Request ","Approved","507656XXXXXX7178","08/10/2026 14:44:01","08/10/2026 12:44:02","0.00 MGA",="00000083",="0000000006",="081955","HST"
="001216",="622212246210","ATM NDC (02)","HOST_SPM (08)","Financial Transaction Request","Balance Inquiry ","Approved","507656XXXXXX8815","08/10/2026 14:42:47","08/10/2026 12:42:47","0.00 MGA",="00000084",="0000000007",="529110","HST"
="005847",="622212454292","ATM NDC (02)","HOST_SPM (08)","Financial Transaction Request","Balance Inquiry ","Approved","507656XXXXXX6470","08/10/2026 14:39:29","08/10/2026 12:39:29","0.00 MGA",="00000102",="0000000022",="527130","HST"
="003360",="622212260610","ATM NDC (02)","HOST_SPM (08)","Financial Transaction Request","WITHDRAWAL","Approved","507656XXXXXX8772","08/10/2026 14:39:01","08/10/2026 12:39:01","205,000.00 MGA",="00000096",="0000000018",="212686","HST"
="003358",="622212260608","ATM NDC (02)","HOST_SPM (08)","Financial Transaction Request","Balance Inquiry ","Approved","507656XXXXXX8772","08/10/2026 14:38:11","08/10/2026 12:38:11","0.00 MGA",="00000096",="0000000018",="526350","HST"
="003356",="622212260606","ATM NDC (02)","STAND IN","Financial Transaction Request","Authentication Request ","Approved","507656XXXXXX8772","08/10/2026 14:37:59","08/10/2026 12:37:59","0.00 MGA",="00000096",="0000000018",="087601","HST"
="005886",="622212649203","ATM NDC (02)","HOST_SPM (08)","Financial Transaction Request","WITHDRAWAL","Approved","507656XXXXXX5673","08/10/2026 14:31:40","08/10/2026 12:31:40","110,000.00 MGA",="00000090",="0000000013",="252246","HST"
="005884",="622212649201","ATM NDC (02)","HOST_SPM (08)","Financial Transaction Request","Balance Inquiry ","Approved","507656XXXXXX5673","08/10/2026 14:31:25","08/10/2026 12:31:25","0.00 MGA",="00000090",="0000000013",="522290","HST"
="005882",="622212099199","ATM NDC (02)","STAND IN","Financial Transaction Request","Authentication Request ","Approved","507656XXXXXX5673","08/10/2026 14:31:21","08/10/2026 12:31:21","0.00 MGA",="00000090",="0000000013",="014851","HST"
="007190",="622212621688","ATM NDC (02)","HOST_SPM (08)","Financial Transaction Request","WITHDRAWAL","Approved","507656XXXXXX4085","08/10/2026 14:27:53","08/10/2026 12:27:53","400,000.00 MGA",="00000081",="0000000004",="162017","HST"
="007188",="622212621686","ATM NDC (02)","HOST_SPM (08)","Financial Transaction Request","Balance Inquiry ","Approved","507656XXXXXX4085","08/10/2026 14:27:41","08/10/2026 12:27:41","0.00 MGA",="00000081",="0000000004",="520050","HST"
="007186",="622212621684","ATM NDC (02)","STAND IN","Financial Transaction Request","Authentication Request ","Approved","507656XXXXXX4085","08/10/2026 14:27:35","08/10/2026 12:27:35","0.00 MGA",="00000081",="0000000004",="043307","HST"
="001184",="622212511240","ATM NDC (02)","HOST_SPM (08)","Financial Transaction Request","WITHDRAWAL","Approved","507656XXXXXX2537","08/10/2026 14:27:06","08/10/2026 12:27:06","300,000.00 MGA",="00000092",="0000000015",="721970","HST"
="006416",="622212707441","ATM NDC (02)","HOST_SPM (08)","Financial Transaction Request","WITHDRAWAL","Approved","507656XXXXXX9587","08/10/2026 14:26:57","08/10/2026 12:26:57","225,000.00 MGA",="00000107",="0000000026",="581962","HST"
="001182",="622212511238","ATM NDC (02)","STAND IN","Financial Transaction Request","Authentication Request ","Approved","507656XXXXXX2537","08/10/2026 14:26:45","08/10/2026 12:26:45","0.00 MGA",="00000092",="0000000015",="080220","HST"
="007977",="622212884764","ATM NDC (02)","HOST_SPM (08)","Financial Transaction Request","WITHDRAWAL","Approved","507656XXXXXX2422","08/10/2026 14:25:28","08/10/2026 12:25:28","60,000.00 MGA",="00000094",="0000000017",="241872","HST"
="007975",="622212884762","ATM NDC (02)","HOST_SPM (08)","Financial Transaction Request","Balance Inquiry ","Approved","507656XXXXXX2422","08/10/2026 14:24:59","08/10/2026 12:24:59","0.00 MGA",="00000094",="0000000017",="518430","HST"
="007973",="622212884760","ATM NDC (02)","STAND IN","Financial Transaction Request","Authentication Request ","Approved","507656XXXXXX2422","08/10/2026 14:24:56","08/10/2026 12:24:56","0.00 MGA",="00000094",="0000000017",="080413","HST"
="008916",="622212707106","ATM NDC (02)","HOST_SPM (08)","Financial Transaction Request","Balance Inquiry ","Approved","507656XXXXXX2975","08/10/2026 14:24:01","08/10/2026 12:24:01","0.00 MGA",="00000108",="0000000027",="517850","HST"
="008914",="622212707104","ATM NDC (02)","STAND IN","Financial Transaction Request","Authentication Request ","Approved","507656XXXXXX2975","08/10/2026 14:23:55","08/10/2026 12:23:55","0.00 MGA",="00000108",="0000000027",="013917","HST"
="001212",="622212246207","ATM NDC (02)","HOST_SPM (08)","Financial Transaction Request","Balance Inquiry ","Approved","507656XXXXXX3613","08/10/2026 14:16:27","08/10/2026 12:16:27","0.00 MGA",="00000084",="0000000007",="513310","HST"
="001210",="622212246205","ATM NDC (02)","STAND IN","Financial Transaction Request","Authentication Request ","Approved","507656XXXXXX3613","08/10/2026 14:16:21","08/10/2026 12:16:21","0.00 MGA",="00000084",="0000000007",="026990","HST"
="007182",="622212621681","ATM NDC (02)","STAND IN","Financial Transaction Request","Authentication Request ","Approved","507656XXXXXX4008","08/10/2026 14:10:45","08/10/2026 12:10:46","0.00 MGA",="00000081",="0000000004",="067125","HST"
="008913",="622212707103","ATM NDC (02)","HOST_SPM (08)","Financial Transaction Request","WITHDRAWAL","Approved","507656XXXXXX0279","08/10/2026 14:09:42","08/10/2026 12:09:42","100,000.00 MGA",="00000108",="0000000027",="950927","HST"
="008911",="622212707101","ATM NDC (02)","STAND IN","Financial Transaction Request","Authentication Request ","Approved","507656XXXXXX0279","08/10/2026 14:09:21","08/10/2026 12:09:21","0.00 MGA",="00000108",="0000000027",="035565","HST"
="008910",="622212707100","ATM NDC (02)","HOST_SPM (08)","Financial Transaction Request","WITHDRAWAL","Approved","507656XXXXXX0279","08/10/2026 14:08:13","08/10/2026 12:08:13","200,000.00 MGA",="00000108",="0000000027",="440838","HST"
="003079",="622212570996","ATM NDC (02)","STAND IN","Financial Transaction Request","Authentication Request ","Approved","507656XXXXXX0175","08/10/2026 14:05:58","08/10/2026 12:05:58","0.00 MGA",="00000100",="0000000021",="070622","HST"
="003076",="622212570993","ATM NDC (02)","HOST_SPM (08)","Financial Transaction Request","Balance Inquiry ","Approved","507656XXXXXX0175","08/10/2026 14:04:44","08/10/2026 12:04:44","0.00 MGA",="00000100",="0000000021",="506280","HST"
="003074",="622212570991","ATM NDC (02)","STAND IN","Financial Transaction Request","Authentication Request ","Approved","507656XXXXXX0175","08/10/2026 14:04:39","08/10/2026 12:04:39","0.00 MGA",="00000100",="0000000021",="080357","HST"
="006021",="622211240162","ATM NDC (02)","HOST_SPM (08)","Financial Transaction Request","WITHDRAWAL","Approved","507656XXXXXX4428","08/10/2026 13:56:14","08/10/2026 11:56:14","20,000.00 MGA",="00000082",="0000000005",="040119","HST"
="006019",="622211240160","ATM NDC (02)","HOST_SPM (08)","Financial Transaction Request","Balance Inquiry ","Approved","507656XXXXXX4428","08/10/2026 13:56:03","08/10/2026 11:56:03","0.00 MGA",="00000082",="0000000005",="501070","HST"
="006017",="622211240158","ATM NDC (02)","STAND IN","Financial Transaction Request","Authentication Request ","Approved","507656XXXXXX4428","08/10/2026 13:55:57","08/10/2026 11:55:57","0.00 MGA",="00000082",="0000000005",="032259","HST"
="003805",="622211432502","ATM NDC (02)","HOST_SPM (08)","Financial Transaction Request","WITHDRAWAL","Approved","507656XXXXXX7930","08/10/2026 13:53:32","08/10/2026 11:53:32","400,000.00 MGA",="00000088",="0000000011",="179957","HST"
="003803",="622211432500","ATM NDC (02)","STAND IN","Financial Transaction Request","Authentication Request ","Approved","507656XXXXXX7930","08/10/2026 13:53:17","08/10/2026 11:53:17","0.00 MGA",="00000088",="0000000011",="001722","HST"
="003802",="622211432499","ATM NDC (02)","HOST_SPM (08)","Financial Transaction Request","WITHDRAWAL","Approved","507656XXXXXX7712","08/10/2026 13:51:52","08/10/2026 11:51:52","70,000.00 MGA",="00000088",="0000000011",="819857","HST"
="003800",="622211432497","ATM NDC (02)","HOST_SPM (08)","Financial Transaction Request","Balance Inquiry ","Approved","507656XXXXXX7712","08/10/2026 13:51:35","08/10/2026 11:51:35","0.00 MGA",="00000088",="0000000011",="498390","HST"
="005881",="622211099198","ATM NDC (02)","STAND IN","Financial Transaction Request","Authentication Request ","PIN tries exceeded, pickup","507656XXXXXX4712","08/10/2026 13:49:10","08/10/2026 11:49:10","0.00 MGA",="00000090",="0000000013","","HST"
="003355",="622211260605","ATM NDC (02)","HOST_SPM (08)","Financial Transaction Request","WITHDRAWAL","Approved","507656XXXXXX4490","08/10/2026 13:43:44","08/10/2026 11:43:44","5,000.00 MGA",="00000096",="0000000018",="889369","HST"
="003353",="622211260603","ATM NDC (02)","STAND IN","Financial Transaction Request","Authentication Request ","Approved","507656XXXXXX4490","08/10/2026 13:43:30","08/10/2026 11:43:30","0.00 MGA",="00000096",="0000000018",="005560","HST"
="003352",="622211260602","ATM NDC (02)","HOST_SPM (08)","Financial Transaction Request","WITHDRAWAL","Approved","507656XXXXXX4490","08/10/2026 13:41:42","08/10/2026 11:41:42","290,000.00 MGA",="00000096",="0000000018",="959247","HST"
="003350",="622211260600","ATM NDC (02)","HOST_SPM (08)","Financial Transaction Request","Short statement request","Approved","507656XXXXXX4490","08/10/2026 13:41:03","08/10/2026 11:41:03","0.00 MGA",="00000096",="0000000018",="492070","HST"
="006412",="622211707438","ATM NDC (02)","HOST_SPM (08)","Financial Transaction Request","Balance Inquiry ","Approved","507656XXXXXX7423","08/10/2026 13:39:40","08/10/2026 11:39:41","0.00 MGA",="00000107",="0000000026",="491250","HST"
="006410",="622211707436","ATM NDC (02)","STAND IN","Financial Transaction Request","Authentication Request ","Approved","507656XXXXXX7423","08/10/2026 13:39:36","08/10/2026 11:39:36","0.00 MGA",="00000107",="0000000026",="038072","HST"
="003344",="622211260594","ATM NDC (02)","HOST_SPM (08)","Financial Transaction Request","Balance Inquiry ","Approved","507656XXXXXX4490","08/10/2026 13:39:35","08/10/2026 11:39:35","0.00 MGA",="00000096",="0000000018",="491190","HST"
="003342",="622211260592","ATM NDC (02)","STAND IN","Financial Transaction Request","Authentication Request ","Approved","507656XXXXXX4490","08/10/2026 13:39:27","08/10/2026 11:39:27","0.00 MGA",="00000096",="0000000018",="093192","HST"
="001365",="622211073415","ATM NDC (02)","HOST_SPM (08)","Financial Transaction Request","WITHDRAWAL","Approved","507656XXXXXX6275","08/10/2026 13:35:03","08/10/2026 11:35:03","600,000.00 MGA",="00000099",="0000000034",="588848","HST"
="001362",="622211073412","ATM NDC (02)","HOST_SPM (08)","Financial Transaction Request","WITHDRAWAL","Approved","507656XXXXXX6275","08/10/2026 13:34:11","08/10/2026 11:34:11","600,000.00 MGA",="00000099",="0000000034",="418796","HST"
="009608",="622211312468","ATM NDC (02)","HOST_SPM (08)","Financial Transaction Request","WITHDRAWAL","Approved","507656XXXXXX4314","08/10/2026 13:32:20","08/10/2026 11:32:20","100,000.00 MGA",="00000086",="0000000009",="048685","HST"
="009604",="622211312464","ATM NDC (02)","STAND IN","Financial Transaction Request","Authentication Request ","Approved","507656XXXXXX4314","08/10/2026 13:31:59","08/10/2026 11:31:59","0.00 MGA",="00000086",="0000000009",="084478","HST"
="001616",="622211314084","ATM NDC (02)","HOST_SPM (08)","Financial Transaction Request","WITHDRAWAL","Approved","507656XXXXXX0137","08/10/2026 13:18:34","08/10/2026 11:18:34","230,000.00 MGA",="00000085",="0000000008",="217859","HST"
="005880",="622211099197","ATM NDC (02)","HOST_SPM (08)","Financial Transaction Request","WITHDRAWAL","Approved","507656XXXXXX8921","08/10/2026 13:18:10","08/10/2026 11:18:10","400,000.00 MGA",="00000090",="0000000013",="867835","HST"
="001612",="622211314080","ATM NDC (02)","STAND IN","Financial Transaction Request","Authentication Request ","Approved","507656XXXXXX0137","08/10/2026 13:17:49","08/10/2026 11:17:50","0.00 MGA",="00000085",="0000000008",="034544","HST"
="005878",="622211099195","ATM NDC (02)","HOST_SPM (08)","Financial Transaction Request","Balance Inquiry ","Approved","507656XXXXXX8921","08/10/2026 13:17:37","08/10/2026 11:17:37","0.00 MGA",="00000090",="0000000013",="478010","HST"
="005876",="622211099193","ATM NDC (02)","STAND IN","Financial Transaction Request","Authentication Request ","Approved","507656XXXXXX8921","08/10/2026 13:17:31","08/10/2026 11:17:31","0.00 MGA",="00000090",="0000000013",="080385","HST"
="007179",="622211621678","ATM NDC (02)","STAND IN","Financial Transaction Request","Authentication Request ","Approved","507656XXXXXX8489","08/10/2026 13:16:23","08/10/2026 11:16:23","0.00 MGA",="00000081",="0000000004",="075355","HST"
="007178",="622211621677","ATM NDC (02)","HOST_SPM (08)","Financial Transaction Request","WITHDRAWAL","Rejected","507656XXXXXX8489","08/10/2026 13:15:48","08/10/2026 11:15:48","600,000.00 MGA",="00000081",="0000000004","","HST"
="007176",="622211621675","ATM NDC (02)","HOST_SPM (08)","Financial Transaction Request","Balance Inquiry ","Approved","507656XXXXXX8489","08/10/2026 13:15:17","08/10/2026 11:15:17","0.00 MGA",="00000081",="0000000004",="476610","HST"
="007172",="622211621672","ATM NDC (02)","HOST_SPM (08)","Financial Transaction Request","Balance Inquiry ","Approved","507656XXXXXX7816","08/10/2026 13:14:35","08/10/2026 11:14:35","0.00 MGA",="00000081",="0000000004",="476190","HST"
="007170",="622211621670","ATM NDC (02)","STAND IN","Financial Transaction Request","Authentication Request ","Approved","507656XXXXXX7816","08/10/2026 13:14:30","08/10/2026 11:14:30","0.00 MGA",="00000081",="0000000004",="065595","HST"
="000226",="622210647429","ATM NDC (02)","STAND IN","Financial Transaction Request","Authentication Request ","Approved","507656XXXXXX6967","08/10/2026 12:59:45","08/10/2026 10:59:45","0.00 MGA",="00000093",="0000000016",="071795","HST"
="000225",="622210647428","ATM NDC (02)","HOST_SPM (08)","Financial Transaction Request","WITHDRAWAL","Approved","507656XXXXXX6967","08/10/2026 12:58:57","08/10/2026 10:58:57","800,000.00 MGA",="00000093",="0000000016",="606682","HST"
="000223",="622210647426","ATM NDC (02)","HOST_SPM (08)","Financial Transaction Request","Balance Inquiry ","Approved","507656XXXXXX6967","08/10/2026 12:58:41","08/10/2026 10:58:41","0.00 MGA",="00000093",="0000000016",="466660","HST"
="000221",="622210647424","ATM NDC (02)","STAND IN","Financial Transaction Request","Authentication Request ","Approved","507656XXXXXX6967","08/10/2026 12:58:35","08/10/2026 10:58:35","0.00 MGA",="00000093",="0000000016",="038323","HST"
="003797",="622210432494","ATM NDC (02)","HOST_SPM (08)","Financial Transaction Request","WITHDRAWAL","Exceeds withdrawal limit","507656XXXXXX7970","08/10/2026 12:54:35","08/10/2026 10:54:35","200,000.00 MGA",="00000088",="0000000011","","HST"
="003795",="622210432492","ATM NDC (02)","STAND IN","Financial Transaction Request","Authentication Request ","Approved","507656XXXXXX7970","08/10/2026 12:54:28","08/10/2026 10:54:28","0.00 MGA",="00000088",="0000000011",="013435","HST"
="003792",="622210432489","ATM NDC (02)","STAND IN","Financial Transaction Request","Authentication Request ","Approved","507656XXXXXX7970","08/10/2026 12:53:40","08/10/2026 10:53:40","0.00 MGA",="00000088",="0000000011",="078293","HST"
="003791",="622210432488","ATM NDC (02)","HOST_SPM (08)","Financial Transaction Request","WITHDRAWAL","Approved","507656XXXXXX7970","08/10/2026 12:52:57","08/10/2026 10:52:57","500,000.00 MGA",="00000088",="0000000011",="616322","HST"
="003341",="622210260591","ATM NDC (02)","HOST_SPM (08)","Financial Transaction Request","WITHDRAWAL","Approved","507656XXXXXX1312","08/10/2026 12:52:55","08/10/2026 10:52:55","600,000.00 MGA",="00000096",="0000000018",="886320","HST"
="001641",="622210248099","ATM NDC (02)","STAND IN","Financial Transaction Request","Authentication Request ","Approved","507656XXXXXX3513","08/10/2026 12:52:44","08/10/2026 10:52:44","0.00 MGA",="00000083",="0000000006",="078360","HST"
="003789",="622210432486","ATM NDC (02)","STAND IN","Financial Transaction Request","Authentication Request ","Approved","507656XXXXXX7970","08/10/2026 12:52:42","08/10/2026 10:52:42","0.00 MGA",="00000088",="0000000011",="024393","HST"
="003339",="622210260589","ATM NDC (02)","HOST_SPM (08)","Financial Transaction Request","Balance Inquiry ","Approved","507656XXXXXX1312","08/10/2026 12:52:39","08/10/2026 10:52:40","0.00 MGA",="00000096",="0000000018",="463040","HST"
="003788",="622210432485","ATM NDC (02)","HOST_SPM (08)","Financial Transaction Request","WITHDRAWAL","Exceeds withdrawal limit","507656XXXXXX7970","08/10/2026 12:52:21","08/10/2026 10:52:21","780,000.00 MGA",="00000088",="0000000011","","HST"
="003786",="622210432483","ATM NDC (02)","HOST_SPM (08)","Financial Transaction Request","Balance Inquiry ","Approved","507656XXXXXX7970","08/10/2026 12:51:49","08/10/2026 10:51:49","0.00 MGA",="00000088",="0000000011",="462530","HST"
="008696",="622210348762","ATM NDC (02)","STAND IN","Financial Transaction Request","Authentication Request ","Approved","507656XXXXXX4504","08/10/2026 12:49:26","08/10/2026 10:49:26","0.00 MGA",="00000089",="0000000012",="043833","HST"
="007165",="622210621666","ATM NDC (02)","HOST_SPM (08)","Financial Transaction Request","WITHDRAWAL","Approved","507656XXXXXX8505","08/10/2026 12:42:09","08/10/2026 10:42:09","200,000.00 MGA",="00000081",="0000000004",="585674","HST"
="007162",="622210621663","ATM NDC (02)","HOST_SPM (08)","Financial Transaction Request","WITHDRAWAL","Approved","507656XXXXXX8505","08/10/2026 12:41:29","08/10/2026 10:41:29","200,000.00 MGA",="00000081",="0000000004",="415634","HST"
="007160",="622210621661","ATM NDC (02)","STAND IN","Financial Transaction Request","Authentication Request ","Approved","507656XXXXXX8505","08/10/2026 12:41:19","08/10/2026 10:41:19","0.00 MGA",="00000081",="0000000004",="080995","HST"
="007159",="622210621660","ATM NDC (02)","HOST_SPM (08)","Financial Transaction Request","WITHDRAWAL","Approved","507656XXXXXX8505","08/10/2026 12:40:39","08/10/2026 10:40:39","200,000.00 MGA",="00000081",="0000000004",="045585","HST"
="007157",="622210621658","ATM NDC (02)","STAND IN","Financial Transaction Request","Authentication Request ","Approved","507656XXXXXX8505","08/10/2026 12:40:33","08/10/2026 10:40:33","0.00 MGA",="00000081",="0000000004",="099506","HST"
="002613",="622210448255","ATM NDC (02)","HOST_SPM (08)","Financial Transaction Request","WITHDRAWAL","Approved","507656XXXXXX0431","08/10/2026 12:34:31","08/10/2026 10:34:31","115,000.00 MGA",="00000087",="0000000010",="175216","HST"
="005875",="622210099192","ATM NDC (02)","HOST_SPM (08)","Financial Transaction Request","WITHDRAWAL","Approved","507656XXXXXX9420","08/10/2026 12:34:10","08/10/2026 10:34:10","600,000.00 MGA",="00000090",="0000000013",="815195","HST"
="005873",="622210099190","ATM NDC (02)","STAND IN","Financial Transaction Request","Authentication Request ","Approved","507656XXXXXX9420","08/10/2026 12:34:04","08/10/2026 10:34:04","0.00 MGA",="00000090",="0000000013",="010787","HST"
="002611",="622210448253","ATM NDC (02)","HOST_SPM (08)","Financial Transaction Request","Balance Inquiry ","Approved","507656XXXXXX0431","08/10/2026 12:34:01","08/10/2026 10:34:01","0.00 MGA",="00000087",="0000000010",="451850","HST"
="008907",="622210707097","ATM NDC (02)","HOST_SPM (08)","Financial Transaction Request","WITHDRAWAL","Approved","507656XXXXXX4476","08/10/2026 12:33:13","08/10/2026 10:33:13","100,000.00 MGA",="00000108",="0000000027",="215138","HST"
="008905",="622210707095","ATM NDC (02)","STAND IN","Financial Transaction Request","Authentication Request ","Approved","507656XXXXXX4476","08/10/2026 12:33:05","08/10/2026 10:33:05","0.00 MGA",="00000108",="0000000027",="009774","HST"
="006409",="622210707435","ATM NDC (02)","HOST_SPM (08)","Financial Transaction Request","WITHDRAWAL","Approved","507656XXXXXX1292","08/10/2026 12:33:04","08/10/2026 10:33:04","100,000.00 MGA",="00000107",="0000000026",="865129","HST"
="006407",="622210707433","ATM NDC (02)","STAND IN","Financial Transaction Request","Authentication Request ","Approved","507656XXXXXX1292","08/10/2026 12:32:59","08/10/2026 10:32:59","0.00 MGA",="00000107",="0000000026",="077598","HST"
="005870",="622210099187","ATM NDC (02)","STAND IN","Financial Transaction Request","Authentication Request ","Approved","507656XXXXXX4280","08/10/2026 12:31:36","08/10/2026 10:31:37","0.00 MGA",="00000090",="0000000013",="068422","HST"
="005867",="622210099184","ATM NDC (02)","HOST_SPM (08)","Financial Transaction Request","Balance Inquiry ","Approved","507656XXXXXX4280","08/10/2026 12:30:34","08/10/2026 10:30:34","0.00 MGA",="00000090",="0000000013",="449780","HST"
="005865",="622210099182","ATM NDC (02)","STAND IN","Financial Transaction Request","Authentication Request ","Approved","507656XXXXXX4280","08/10/2026 12:30:29","08/10/2026 10:30:29","0.00 MGA",="00000090",="0000000013",="046374","HST"
="003783",="622210432480","ATM NDC (02)","HOST_SPM (08)","Financial Transaction Request","WITHDRAWAL","Approved","507656XXXXXX3880","08/10/2026 12:29:28","08/10/2026 10:29:28","100,000.00 MGA",="00000088",="0000000011",="444913","HST"
="003336",="622210260586","ATM NDC (02)","HOST_SPM (08)","Financial Transaction Request","WITHDRAWAL","Approved","507656XXXXXX6036","08/10/2026 12:29:26","08/10/2026 10:29:26","300,000.00 MGA",="00000096",="0000000018",="974911","HST"
="003781",="622210432478","ATM NDC (02)","HOST_SPM (08)","Financial Transaction Request","Balance Inquiry ","Approved","507656XXXXXX3880","08/10/2026 12:29:11","08/10/2026 10:29:11","0.00 MGA",="00000088",="0000000011",="448950","HST"
="003334",="622210260584","ATM NDC (02)","STAND IN","Financial Transaction Request","Authentication Request ","Approved","507656XXXXXX6036","08/10/2026 12:28:53","08/10/2026 10:28:53","0.00 MGA",="00000096",="0000000018",="087895","HST"
="007156",="622210621657","ATM NDC (02)","HOST_SPM (08)","Financial Transaction Request","WITHDRAWAL","Approved","507656XXXXXX3231","08/10/2026 12:24:34","08/10/2026 10:24:34","100,000.00 MGA",="00000081",="0000000004",="584619","HST"
="003777",="622210432475","ATM NDC (02)","HOST_SPM (08)","Financial Transaction Request","Short statement request","Approved","507656XXXXXX7327","08/10/2026 12:24:17","08/10/2026 10:24:17","0.00 MGA",="00000088",="0000000011",="446020","HST"
="003775",="622210432473","ATM NDC (02)","STAND IN","Financial Transaction Request","Authentication Request ","Approved","507656XXXXXX7327","08/10/2026 12:24:13","08/10/2026 10:24:13","0.00 MGA",="00000088",="0000000011",="076038","HST"
="007154",="622210621655","ATM NDC (02)","HOST_SPM (08)","Financial Transaction Request","Short statement request","Approved","507656XXXXXX3231","08/10/2026 12:24:09","08/10/2026 10:24:09","0.00 MGA",="00000081",="0000000004",="445930","HST"
="007152",="622210621653","ATM NDC (02)","HOST_SPM (08)","Financial Transaction Request","Balance Inquiry ","Approved","507656XXXXXX3231","08/10/2026 12:23:57","08/10/2026 10:23:57","0.00 MGA",="00000081",="0000000004",="445810","HST"
="007150",="622210621651","ATM NDC (02)","STAND IN","Financial Transaction Request","Authentication Request ","Approved","507656XXXXXX3231","08/10/2026 12:23:52","08/10/2026 10:23:52","0.00 MGA",="00000081",="0000000004",="087102","HST"
="003773",="622210432472","ATM NDC (02)","HOST_SPM (08)","Financial Transaction Request","Balance Inquiry ","Approved","507656XXXXXX7327","08/10/2026 12:23:24","08/10/2026 10:23:24","0.00 MGA",="00000088",="0000000011",="445480","HST"
="007149",="622210621650","ATM NDC (02)","HOST_SPM (08)","Financial Transaction Request","WITHDRAWAL","Approved","507656XXXXXX5996","08/10/2026 12:22:31","08/10/2026 10:22:31","15,000.00 MGA",="00000081",="0000000004",="174496","HST"
="007147",="622210621648","ATM NDC (02)","HOST_SPM (08)","Financial Transaction Request","Balance Inquiry ","Approved","507656XXXXXX5996","08/10/2026 12:22:12","08/10/2026 10:22:12","0.00 MGA",="00000081",="0000000004",="444760","HST"
="007144",="622210621645","ATM NDC (02)","HOST_SPM (08)","Financial Transaction Request","WITHDRAWAL","Approved","507656XXXXXX4234","08/10/2026 12:18:41","08/10/2026 10:18:41","40,000.00 MGA",="00000081",="0000000004",="214266","HST"
="005863",="622210099181","ATM NDC (02)","HOST_SPM (08)","Financial Transaction Request","Balance Inquiry ","Approved","507656XXXXXX4340","08/10/2026 12:18:36","08/10/2026 10:18:36","0.00 MGA",="00000090",="0000000013",="442600","HST"
="005861",="622210099179","ATM NDC (02)","STAND IN","Financial Transaction Request","Authentication Request ","Approved","507656XXXXXX4340","08/10/2026 12:18:29","08/10/2026 10:18:30","0.00 MGA",="00000090",="0000000013",="024223","HST"
="007142",="622210621643","ATM NDC (02)","HOST_SPM (08)","Financial Transaction Request","Balance Inquiry ","Approved","507656XXXXXX4234","08/10/2026 12:18:23","08/10/2026 10:18:23","0.00 MGA",="00000081",="0000000004",="442470","HST"
="007140",="622210621641","ATM NDC (02)","STAND IN","Financial Transaction Request","Authentication Request ","Approved","507656XXXXXX4234","08/10/2026 12:18:17","08/10/2026 10:18:17","0.00 MGA",="00000081",="0000000004",="061891","HST"
="007136",="622210621637","ATM NDC (02)","HOST_SPM (08)","Financial Transaction Request","WITHDRAWAL","Approved","507656XXXXXX2527","08/10/2026 12:14:27","08/10/2026 10:14:27","100,000.00 MGA",="00000081",="0000000004",="254012","HST"
="009822",="622210775832","ATM NDC (02)","HOST_SPM (08)","Financial Transaction Request","WITHDRAWAL","Approved","507656XXXXXX4640","08/10/2026 12:14:21","08/10/2026 10:14:21","30,000.00 MGA",="00000106",="0000000025",="444006","HST"
="007134",="622210621635","ATM NDC (02)","HOST_SPM (08)","Financial Transaction Request","Balance Inquiry ","Approved","507656XXXXXX2527","08/10/2026 12:14:15","08/10/2026 10:14:15","0.00 MGA",="00000081",="0000000004",="439990","HST"
="009820",="622210775830","ATM NDC (02)","STAND IN","Financial Transaction Request","Authentication Request ","Approved","507656XXXXXX4640","08/10/2026 12:14:11","08/10/2026 10:14:11","0.00 MGA",="00000106",="0000000025",="021008","HST"
="007132",="622210621633","ATM NDC (02)","STAND IN","Financial Transaction Request","Authentication Request ","Approved","507656XXXXXX2527","08/10/2026 12:14:10","08/10/2026 10:14:10","0.00 MGA",="00000081",="0000000004",="089848","HST"
="007150",="622210605207","ATM NDC (02)","HOST_SPM (08)","Financial Transaction Request","WITHDRAWAL","Approved","507656XXXXXX0683","08/10/2026 12:08:27","08/10/2026 10:08:27","10,000.00 MGA",="00000091",="0000000014",="723653","HST"
="001611",="622210314079","ATM NDC (02)","HOST_SPM (08)","Financial Transaction Request","WITHDRAWAL","Approved","507656XXXXXX8120","08/10/2026 12:08:21","08/10/2026 10:08:21","400,000.00 MGA",="00000085",="0000000008",="583646","HST"
="007148",="622210605205","ATM NDC (02)","STAND IN","Financial Transaction Request","Authentication Request ","Approved","507656XXXXXX0683","08/10/2026 12:08:20","08/10/2026 10:08:20","0.00 MGA",="00000091",="0000000014",="082207","HST"
="001608",="622210314076","ATM NDC (02)","HOST_SPM (08)","Financial Transaction Request","WITHDRAWAL","Approved","507656XXXXXX8120","08/10/2026 12:07:29","08/10/2026 10:07:29","800,000.00 MGA",="00000085",="0000000008",="243594","HST"
="001606",="622210314074","ATM NDC (02)","STAND IN","Financial Transaction Request","Authentication Request ","Approved","507656XXXXXX8120","08/10/2026 12:07:23","08/10/2026 10:07:23","0.00 MGA",="00000085",="0000000008",="066837","HST"
="003332",="622210260583","ATM NDC (02)","HOST_SPM (08)","Financial Transaction Request","Balance Inquiry ","Approved","507656XXXXXX7158","08/10/2026 12:04:51","08/10/2026 10:04:51","0.00 MGA",="00000096",="0000000018",="434360","HST"
="003330",="622210260581","ATM NDC (02)","STAND IN","Financial Transaction Request","Authentication Request ","Approved","507656XXXXXX7158","08/10/2026 12:04:45","08/10/2026 10:04:45","0.00 MGA",="00000096",="0000000018",="004175","HST"
="008904",="622210707094","ATM NDC (02)","HOST_SPM (08)","Financial Transaction Request","WITHDRAWAL","Approved","507656XXXXXX2766","08/10/2026 12:01:58","08/10/2026 10:01:58","5,000.00 MGA",="00000108",="0000000027",="173263","HST"
="008902",="622210707092","ATM NDC (02)","STAND IN","Financial Transaction Request","Authentication Request ","Approved","507656XXXXXX2766","08/10/2026 12:01:45","08/10/2026 10:01:45","0.00 MGA",="00000108",="0000000027",="051732","HST"
="003327",="622210260578","ATM NDC (02)","HOST_SPM (08)","Financial Transaction Request","Balance Inquiry ","Approved","507656XXXXXX1182","08/10/2026 12:01:41","08/10/2026 10:01:41","0.00 MGA",="00000096",="0000000018",="432450","HST"
="009816",="622210775826","ATM NDC (02)","STAND IN","Financial Transaction Request","Authentication Request ","Approved","507656XXXXXX3878","08/10/2026 12:01:33","08/10/2026 10:01:33","0.00 MGA",="00000106",="0000000025",="042626","HST"
="003323",="622210260575","ATM NDC (02)","HOST_SPM (08)","Financial Transaction Request","Short statement request","Approved","507656XXXXXX7271","08/10/2026 12:00:11","08/10/2026 10:00:11","0.00 MGA",="00000096",="0000000018",="431550","HST"
="007131",="622209621632","ATM NDC (02)","HOST_SPM (08)","Financial Transaction Request","WITHDRAWAL","Approved","507656XXXXXX4974","08/10/2026 11:59:57","08/10/2026 09:59:57","200,000.00 MGA",="00000081",="0000000004",="613142","HST"
="007129",="622209621630","ATM NDC (02)","HOST_SPM (08)","Financial Transaction Request","Balance Inquiry ","Approved","507656XXXXXX4974","08/10/2026 11:59:35","08/10/2026 09:59:35","0.00 MGA",="00000081",="0000000004",="431190","HST"
="007127",="622209621628","ATM NDC (02)","STAND IN","Financial Transaction Request","Authentication Request ","Approved","507656XXXXXX4974","08/10/2026 11:59:29","08/10/2026 09:59:29","0.00 MGA",="00000081",="0000000004",="058565","HST"
="003319",="622209260571","ATM NDC (02)","STAND IN","Financial Transaction Request","Authentication Request ","Approved","507656XXXXXX7271","08/10/2026 11:59:20","08/10/2026 09:59:21","0.00 MGA",="00000096",="0000000018",="078455","HST"
="007124",="622209621625","ATM NDC (02)","HOST_SPM (08)","Financial Transaction Request","Balance Inquiry ","Approved","507656XXXXXX4974","08/10/2026 11:58:25","08/10/2026 09:58:25","0.00 MGA",="00000081",="0000000004",="430490","HST"
="003318",="622209260570","ATM NDC (02)","HOST_SPM (08)","Financial Transaction Request","WITHDRAWAL","Approved","507656XXXXXX7271","08/10/2026 11:58:16","08/10/2026 09:58:16","100,000.00 MGA",="00000096",="0000000018",="163041","HST"
="007122",="622209621623","ATM NDC (02)","STAND IN","Financial Transaction Request","Authentication Request ","Approved","507656XXXXXX4974","08/10/2026 11:58:15","08/10/2026 09:58:15","0.00 MGA",="00000081",="0000000004",="096838","HST"
="003316",="622209260568","ATM NDC (02)","STAND IN","Financial Transaction Request","Authentication Request ","Approved","507656XXXXXX7271","08/10/2026 11:57:51","08/10/2026 09:57:51","0.00 MGA",="00000096",="0000000018",="030422","HST"
="003315",="622209260567","ATM NDC (02)","HOST_SPM (08)","Financial Transaction Request","WITHDRAWAL","Approved","507656XXXXXX7271","08/10/2026 11:56:38","08/10/2026 09:56:39","160,000.00 MGA",="00000096",="0000000018",="812943","HST"
="003313",="622209260565","ATM NDC (02)","STAND IN","Financial Transaction Request","Authentication Request ","Approved","507656XXXXXX7271","08/10/2026 11:56:20","08/10/2026 09:56:20","0.00 MGA",="00000096",="0000000018",="033841","HST"
="003312",="622209260564","ATM NDC (02)","HOST_SPM (08)","Financial Transaction Request","WITHDRAWAL","Approved","507656XXXXXX6379","08/10/2026 11:55:16","08/10/2026 09:55:16","200,000.00 MGA",="00000096",="0000000018",="582861","HST"
="003310",="622209260562","ATM NDC (02)","STAND IN","Financial Transaction Request","Authentication Request ","Approved","507656XXXXXX6379","08/10/2026 11:54:56","08/10/2026 09:54:56","0.00 MGA",="00000096",="0000000018",="010884","HST"
="003306",="622209260559","ATM NDC (02)","HOST_SPM (08)","Financial Transaction Request","Balance Inquiry ","Approved","507656XXXXXX6379","08/10/2026 11:54:01","08/10/2026 09:54:01","0.00 MGA",="00000096",="0000000018",="427850","HST"
="003304",="622209260557","ATM NDC (02)","STAND IN","Financial Transaction Request","Authentication Request ","Approved","507656XXXXXX6379","08/10/2026 11:53:54","08/10/2026 09:53:54","0.00 MGA",="00000096",="0000000018",="093189","HST"
="003303",="622209260556","ATM NDC (02)","HOST_SPM (08)","Financial Transaction Request","WITHDRAWAL","Approved","507656XXXXXX5825","08/10/2026 11:52:45","08/10/2026 09:52:45","100,000.00 MGA",="00000096",="0000000018",="522710","HST"
="003301",="622209260554","ATM NDC (02)","STAND IN","Financial Transaction Request","Authentication Request ","Approved","507656XXXXXX5825","08/10/2026 11:51:59","08/10/2026 09:51:59","0.00 MGA",="00000096",="0000000018",="010048","HST"
="003300",="622209260553","ATM NDC (02)","HOST_SPM (08)","Financial Transaction Request","WITHDRAWAL","Approved","507656XXXXXX5825","08/10/2026 11:51:04","08/10/2026 09:51:04","100,000.00 MGA",="00000096",="0000000018",="602608","HST"
="003298",="622209260551","ATM NDC (02)","HOST_SPM (08)","Financial Transaction Request","Balance Inquiry ","Approved","507656XXXXXX5825","08/10/2026 11:50:13","08/10/2026 09:50:13","0.00 MGA",="00000096",="0000000018",="425570","HST"
="002606",="622209448249","ATM NDC (02)","HOST_SPM (08)","Financial Transaction Request","Short statement request","Approved","507656XXXXXX8740","08/10/2026 11:49:33","08/10/2026 09:49:33","0.00 MGA",="00000087",="0000000010",="425170","HST"
="002604",="622209448247","ATM NDC (02)","STAND IN","Financial Transaction Request","Authentication Request ","Approved","507656XXXXXX8740","08/10/2026 11:49:29","08/10/2026 09:49:29","0.00 MGA",="00000087",="0000000010",="003075","HST"
="002599",="622209448243","ATM NDC (02)","STAND IN","Financial Transaction Request","Authentication Request ","Approved","507656XXXXXX8740","08/10/2026 11:48:49","08/10/2026 09:48:49","0.00 MGA",="00000087",="0000000010",="072149","HST"
="009603",="622209312463","ATM NDC (02)","HOST_SPM (08)","Financial Transaction Request","WITHDRAWAL","Approved","507656XXXXXX7397","08/10/2026 11:47:44","08/10/2026 09:47:44","220,000.00 MGA",="00000086",="0000000009",="862409","HST"
="003295",="622209260548","ATM NDC (02)","HOST_SPM (08)","Financial Transaction Request","WITHDRAWAL","Approved","507656XXXXXX4631","08/10/2026 11:47:27","08/10/2026 09:47:27","20,000.00 MGA",="00000096",="0000000018",="612392","HST"
="003291",="622209260544","ATM NDC (02)","STAND IN","Financial Transaction Request","Authentication Request ","Approved","507656XXXXXX4631","08/10/2026 11:46:41","08/10/2026 09:46:41","0.00 MGA",="00000096",="0000000018",="091151","HST"
="003288",="622209260541","ATM NDC (02)","HOST_SPM (08)","Financial Transaction Request","Balance Inquiry ","Approved","507656XXXXXX4631","08/10/2026 11:44:45","08/10/2026 09:44:46","0.00 MGA",="00000096",="0000000018",="422300","HST"
="003286",="622209260539","ATM NDC (02)","STAND IN","Financial Transaction Request","Authentication Request ","Approved","507656XXXXXX4631","08/10/2026 11:44:33","08/10/2026 09:44:33","0.00 MGA",="00000096",="0000000018",="066749","HST"
="003285",="622209260538","ATM NDC (02)","HOST_SPM (08)","Financial Transaction Request","WITHDRAWAL","Approved","507656XXXXXX7389","08/10/2026 11:42:24","08/10/2026 09:42:24","290,000.00 MGA",="00000096",="0000000018",="162089","HST"
="003283",="622209260536","ATM NDC (02)","HOST_SPM (08)","Financial Transaction Request","Balance Inquiry ","Approved","507656XXXXXX7389","08/10/2026 11:41:51","08/10/2026 09:41:51","0.00 MGA",="00000096",="0000000018",="420560","HST"
="003281",="622209260534","ATM NDC (02)","HOST_SPM (08)","Financial Transaction Request","Short statement request","Approved","507656XXXXXX7389","08/10/2026 11:41:31","08/10/2026 09:41:31","0.00 MGA",="00000096",="0000000018",="420360","HST"
="003279",="622209260532","ATM NDC (02)","HOST_SPM (08)","Financial Transaction Request","Balance Inquiry ","Approved","507656XXXXXX7389","08/10/2026 11:41:10","08/10/2026 09:41:10","0.00 MGA",="00000096",="0000000018",="420140","HST"
="003277",="622209260530","ATM NDC (02)","STAND IN","Financial Transaction Request","Authentication Request ","Approved","507656XXXXXX7389","08/10/2026 11:41:04","08/10/2026 09:41:04","0.00 MGA",="00000096",="0000000018",="000785","HST"
="003275",="622209260529","ATM NDC (02)","HOST_SPM (08)","Financial Transaction Request","Balance Inquiry ","Approved","507656XXXXXX1084","08/10/2026 11:39:56","08/10/2026 09:39:56","0.00 MGA",="00000096",="0000000018",="419400","HST"
="003273",="622209260527","ATM NDC (02)","STAND IN","Financial Transaction Request","Authentication Request ","Approved","507656XXXXXX1084","08/10/2026 11:39:48","08/10/2026 09:39:48","0.00 MGA",="00000096",="0000000018",="099425","HST"
="003272",="622209260526","ATM NDC (02)","HOST_SPM (08)","Financial Transaction Request","WITHDRAWAL","Approved","507656XXXXXX1084","08/10/2026 11:38:45","08/10/2026 09:38:45","200,000.00 MGA",="00000096",="0000000018",="041872","HST"
="003270",="622209260524","ATM NDC (02)","HOST_SPM (08)","Financial Transaction Request","Balance Inquiry ","Approved","507656XXXXXX1084","08/10/2026 11:38:16","08/10/2026 09:38:16","0.00 MGA",="00000096",="0000000018",="418410","HST"
="003268",="622209260522","ATM NDC (02)","HOST_SPM (08)","Financial Transaction Request","Balance Inquiry ","Approved","507656XXXXXX1084","08/10/2026 11:37:50","08/10/2026 09:37:50","0.00 MGA",="00000096",="0000000018",="418140","HST"
="007972",="622209884759","ATM NDC (02)","HOST_SPM (08)","Financial Transaction Request","WITHDRAWAL","Approved","507656XXXXXX0876","08/10/2026 11:36:20","08/10/2026 09:36:20","400,000.00 MGA",="00000094",="0000000017",="811725","HST"
="007970",="622209884757","ATM NDC (02)","STAND IN","Financial Transaction Request","Authentication Request ","Approved","507656XXXXXX0876","08/10/2026 11:36:14","08/10/2026 09:36:14","0.00 MGA",="00000094",="0000000017",="062134","HST"
="003264",="622209260519","ATM NDC (02)","HOST_SPM (08)","Financial Transaction Request","Balance Inquiry ","Approved","507656XXXXXX7067","08/10/2026 11:36:09","08/10/2026 09:36:09","0.00 MGA",="00000096",="0000000018",="417140","HST"
="003262",="622209260517","ATM NDC (02)","STAND IN","Financial Transaction Request","Authentication Request ","Approved","507656XXXXXX7067","08/10/2026 11:36:05","08/10/2026 09:36:05","0.00 MGA",="00000096",="0000000018",="064921","HST"
="003259",="622209260514","ATM NDC (02)","STAND IN","Financial Transaction Request","Authentication Request ","Approved","507656XXXXXX7067","08/10/2026 11:34:52","08/10/2026 09:34:52","0.00 MGA",="00000096",="0000000018",="085455","HST"
="005860",="622209099178","ATM NDC (02)","HOST_SPM (08)","Financial Transaction Request","WITHDRAWAL","Approved","507656XXXXXX0159","08/10/2026 11:34:26","08/10/2026 09:34:26","80,000.00 MGA",="00000090",="0000000013",="611611","HST"
="005858",="622209099176","ATM NDC (02)","HOST_SPM (08)","Financial Transaction Request","Balance Inquiry ","Approved","507656XXXXXX0159","08/10/2026 11:34:07","08/10/2026 09:34:07","0.00 MGA",="00000090",="0000000013",="415910","HST"
="005856",="622209099174","ATM NDC (02)","STAND IN","Financial Transaction Request","Authentication Request ","Approved","507656XXXXXX0159","08/10/2026 11:34:00","08/10/2026 09:34:00","0.00 MGA",="00000090",="0000000013",="065879","HST"
="008691",="622209348757","ATM NDC (02)","STAND IN","Financial Transaction Request","Authentication Request ","Approved","507656XXXXXX5410","08/10/2026 11:33:32","08/10/2026 09:33:32","0.00 MGA",="00000089",="0000000012",="022214","HST"
="003257",="622209260513","ATM NDC (02)","HOST_SPM (08)","Financial Transaction Request","Balance Inquiry ","Approved","507656XXXXXX4536","08/10/2026 11:32:52","08/10/2026 09:32:52","0.00 MGA",="00000096",="0000000018",="415160","HST"
="003255",="622209260511","ATM NDC (02)","STAND IN","Financial Transaction Request","Authentication Request ","Approved","507656XXXXXX4536","08/10/2026 11:32:44","08/10/2026 09:32:44","0.00 MGA",="00000096",="0000000018",="032052","HST"
="008687",="622209348754","ATM NDC (02)","STAND IN","Financial Transaction Request","Authentication Request ","Approved","507656XXXXXX8888","08/10/2026 11:32:34","08/10/2026 09:32:34","0.00 MGA",="00000089",="0000000012",="018096","HST"
="008686",="622209348753","ATM NDC (02)","HOST_SPM (08)","Financial Transaction Request","WITHDRAWAL","Approved","507656XXXXXX8888","08/10/2026 11:31:50","08/10/2026 09:31:50","400,000.00 MGA",="00000089",="0000000012",="161455","HST"
="008683",="622209348750","ATM NDC (02)","HOST_SPM (08)","Financial Transaction Request","WITHDRAWAL","Approved","507656XXXXXX8888","08/10/2026 11:30:56","08/10/2026 09:30:57","400,000.00 MGA",="00000089",="0000000012",="721402","HST"
="008681",="622209348748","ATM NDC (02)","STAND IN","Financial Transaction Request","Authentication Request ","Approved","507656XXXXXX8888","08/10/2026 11:30:51","08/10/2026 09:30:51","0.00 MGA",="00000089",="0000000012",="087663","HST"
="008680",="622209348747","ATM NDC (02)","HOST_SPM (08)","Financial Transaction Request","WITHDRAWAL","Approved","507656XXXXXX8888","08/10/2026 11:30:04","08/10/2026 09:30:04","400,000.00 MGA",="00000089",="0000000012",="581349","HST"
="008678",="622209348745","ATM NDC (02)","STAND IN","Financial Transaction Request","Authentication Request ","Approved","507656XXXXXX8888","08/10/2026 11:29:58","08/10/2026 09:29:58","0.00 MGA",="00000089",="0000000012",="017022","HST"
="007120",="622209621622","ATM NDC (02)","HOST_SPM (08)","Financial Transaction Request","Balance Inquiry ","Approved","507656XXXXXX2699","08/10/2026 11:29:40","08/10/2026 09:29:40","0.00 MGA",="00000081",="0000000004",="413240","HST"
="007118",="622209621620","ATM NDC (02)","STAND IN","Financial Transaction Request","Authentication Request ","Approved","507656XXXXXX2699","08/10/2026 11:29:33","08/10/2026 09:29:33","0.00 MGA",="00000081",="0000000004",="042113","HST"
="003253",="622209260510","ATM NDC (02)","HOST_SPM (08)","Financial Transaction Request","Balance Inquiry ","Approved","507656XXXXXX7067","08/10/2026 11:28:57","08/10/2026 09:28:57","0.00 MGA",="00000096",="0000000018",="412810","HST"
="003251",="622209260508","ATM NDC (02)","STAND IN","Financial Transaction Request","Authentication Request ","Approved","507656XXXXXX7067","08/10/2026 11:28:51","08/10/2026 09:28:51","0.00 MGA",="00000096",="0000000018",="006129","HST"
="005841",="622209454287","ATM NDC (02)","STAND IN","Financial Transaction Request","Authentication Request ","Approved","507656XXXXXX8614","08/10/2026 11:21:46","08/10/2026 09:21:46","0.00 MGA",="00000102",="0000000022",="058948","HST"
="003249",="622209260507","ATM NDC (02)","HOST_SPM (08)","Financial Transaction Request","Balance Inquiry ","Approved","507656XXXXXX4490","08/10/2026 11:15:55","08/10/2026 09:15:55","0.00 MGA",="00000096",="0000000018",="404990","HST"
="003247",="622209260505","ATM NDC (02)","STAND IN","Financial Transaction Request","Authentication Request ","Approved","507656XXXXXX4490","08/10/2026 11:15:50","08/10/2026 09:15:50","0.00 MGA",="00000096",="0000000018",="040992","HST"
="002336",="622209261565","ATM NDC (02)","HOST_SPM (08)","Financial Transaction Request","WITHDRAWAL","Approved","507656XXXXXX0287","08/10/2026 11:09:45","08/10/2026 09:09:45","20,000.00 MGA",="00000103",="0000000023",="880131","HST"
="002334",="622209261563","ATM NDC (02)","STAND IN","Financial Transaction Request","Authentication Request ","Approved","507656XXXXXX0287","08/10/2026 11:09:41","08/10/2026 09:09:42","0.00 MGA",="00000103",="0000000023",="040019","HST"
="002331",="622209261560","ATM NDC (02)","STAND IN","Financial Transaction Request","Authentication Request ","Approved","507656XXXXXX0287","08/10/2026 11:09:22","08/10/2026 09:09:22","0.00 MGA",="00000103",="0000000023",="024114","HST"
="003246",="622209260504","ATM NDC (02)","HOST_SPM (08)","Financial Transaction Request","WITHDRAWAL","Approved","507656XXXXXX3795","08/10/2026 11:05:31","08/10/2026 09:05:31","100,000.00 MGA",="00000096",="0000000018",="259877","HST"
="005840",="622209454286","ATM NDC (02)","HOST_SPM (08)","Financial Transaction Request","WITHDRAWAL","Rejected","507656XXXXXX7496","08/10/2026 11:04:55","08/10/2026 09:04:55","60,000.00 MGA",="00000102",="0000000022","","HST"
="003244",="622209260502","ATM NDC (02)","HOST_SPM (08)","Financial Transaction Request","Balance Inquiry ","Approved","507656XXXXXX3795","08/10/2026 11:04:50","08/10/2026 09:04:50","0.00 MGA",="00000096",="0000000018",="398340","HST"
="003242",="622209260500","ATM NDC (02)","STAND IN","Financial Transaction Request","Authentication Request ","Approved","507656XXXXXX3795","08/10/2026 11:04:41","08/10/2026 09:04:41","0.00 MGA",="00000096",="0000000018",="029394","HST"
="005838",="622209454284","ATM NDC (02)","STAND IN","Financial Transaction Request","Authentication Request ","Approved","507656XXXXXX7496","08/10/2026 11:04:40","08/10/2026 09:04:40","0.00 MGA",="00000102",="0000000022",="077065","HST"
="005837",="622209454283","ATM NDC (02)","HOST_SPM (08)","Financial Transaction Request","WITHDRAWAL","Rejected","507656XXXXXX7496","08/10/2026 11:04:12","08/10/2026 09:04:12","600,000.00 MGA",="00000102",="0000000022","","HST"
="005835",="622209454281","ATM NDC (02)","STAND IN","Financial Transaction Request","Authentication Request ","Approved","507656XXXXXX7496","08/10/2026 11:04:02","08/10/2026 09:04:02","0.00 MGA",="00000102",="0000000022",="067558","HST"
="005834",="622209454280","ATM NDC (02)","HOST_SPM (08)","Financial Transaction Request","WITHDRAWAL","Rejected","507656XXXXXX7496","08/10/2026 11:03:21","08/10/2026 09:03:21","70,000.00 MGA",="00000102",="0000000022","","HST"
="001640",="622209248098","ATM NDC (02)","HOST_SPM (08)","Financial Transaction Request","WITHDRAWAL","Approved","507656XXXXXX3024","08/10/2026 11:03:08","08/10/2026 09:03:08","600,000.00 MGA",="00000083",="0000000006",="589733","HST"
="005832",="622209454278","ATM NDC (02)","STAND IN","Financial Transaction Request","Authentication Request ","Approved","507656XXXXXX7496","08/10/2026 11:03:06","08/10/2026 09:03:06","0.00 MGA",="00000102",="0000000022",="079839","HST"
="001638",="622209248096","ATM NDC (02)","HOST_SPM (08)","Financial Transaction Request","Balance Inquiry ","Approved","507656XXXXXX3024","08/10/2026 11:02:45","08/10/2026 09:02:45","0.00 MGA",="00000083",="0000000006",="397090","HST"
="005831",="622209454277","ATM NDC (02)","HOST_SPM (08)","Financial Transaction Request","WITHDRAWAL","Rejected","507656XXXXXX7496","08/10/2026 11:02:19","08/10/2026 09:02:19","70,000.00 MGA",="00000102",="0000000022","","HST"
="005829",="622209454275","ATM NDC (02)","HOST_SPM (08)","Financial Transaction Request","Balance Inquiry ","Approved","507656XXXXXX7496","08/10/2026 11:01:38","08/10/2026 09:01:38","0.00 MGA",="00000102",="0000000022",="396420","HST"
="005827",="622209454273","ATM NDC (02)","STAND IN","Financial Transaction Request","Authentication Request ","Approved","507656XXXXXX7496","08/10/2026 11:01:31","08/10/2026 09:01:31","0.00 MGA",="00000102",="0000000022",="037097","HST"
="003770",="622208432469","ATM NDC (02)","HOST_SPM (08)","Financial Transaction Request","Balance Inquiry ","Approved","507656XXXXXX0790","08/10/2026 10:49:05","08/10/2026 08:49:05","0.00 MGA",="00000088",="0000000011",="388890","HST"
="003768",="622208432467","ATM NDC (02)","STAND IN","Financial Transaction Request","Authentication Request ","Approved","507656XXXXXX0790","08/10/2026 10:49:00","08/10/2026 08:49:00","0.00 MGA",="00000088",="0000000011",="030348","HST"
="002597",="622208448241","ATM NDC (02)","HOST_SPM (08)","Financial Transaction Request","WITHDRAWAL","Approved","507656XXXXXX2568","08/10/2026 10:47:40","08/10/2026 08:47:40","400,000.00 MGA",="00000087",="0000000010",="868805","HST"
="002595",="622208448239","ATM NDC (02)","HOST_SPM (08)","Financial Transaction Request","Balance Inquiry ","Approved","507656XXXXXX2568","08/10/2026 10:47:19","08/10/2026 08:47:19","0.00 MGA",="00000087",="0000000010",="387830","HST"
="001635",="622208248093","ATM NDC (02)","HOST_SPM (08)","Financial Transaction Request","WITHDRAWAL","Approved","507656XXXXXX2316","08/10/2026 10:46:57","08/10/2026 08:46:57","30,000.00 MGA",="00000083",="0000000006",="888763","HST"
="001633",="622208248091","ATM NDC (02)","HOST_SPM (08)","Financial Transaction Request","Balance Inquiry ","Approved","507656XXXXXX2316","08/10/2026 10:46:44","08/10/2026 08:46:44","0.00 MGA",="00000083",="0000000006",="387490","HST"
="001631",="622208248089","ATM NDC (02)","STAND IN","Financial Transaction Request","Authentication Request ","Approved","507656XXXXXX2316","08/10/2026 10:46:39","08/10/2026 08:46:39","0.00 MGA",="00000083",="0000000006",="006482","HST"
="008677",="622208348744","ATM NDC (02)","HOST_SPM (08)","Financial Transaction Request","WITHDRAWAL","Approved","507656XXXXXX4332","08/10/2026 10:46:23","08/10/2026 08:46:23","400,000.00 MGA",="00000089",="0000000012",="448728","HST"
="008675",="622208348742","ATM NDC (02)","HOST_SPM (08)","Financial Transaction Request","Balance Inquiry ","Approved","507656XXXXXX4332","08/10/2026 10:45:57","08/10/2026 08:45:57","0.00 MGA",="00000089",="0000000012",="387010","HST"
="008672",="622208348739","ATM NDC (02)","HOST_SPM (08)","Financial Transaction Request","WITHDRAWAL","Exceeds withdrawal limit","507656XXXXXX4332","08/10/2026 10:45:18","08/10/2026 08:45:19","600,000.00 MGA",="00000089",="0000000012","","HST"
="008670",="622208348737","ATM NDC (02)","STAND IN","Financial Transaction Request","Authentication Request ","Approved","507656XXXXXX4332","08/10/2026 10:45:11","08/10/2026 08:45:11","0.00 MGA",="00000089",="0000000012",="098789","HST"
="008669",="622208348736","ATM NDC (02)","HOST_SPM (08)","Financial Transaction Request","WITHDRAWAL","Exceeds withdrawal limit","507656XXXXXX4332","08/10/2026 10:44:39","08/10/2026 08:44:39","800,000.00 MGA",="00000089",="0000000012","","HST"
="008667",="622208348734","ATM NDC (02)","STAND IN","Financial Transaction Request","Authentication Request ","Approved","507656XXXXXX4332","08/10/2026 10:44:30","08/10/2026 08:44:30","0.00 MGA",="00000089",="0000000012",="011811","HST"
="008666",="622208348733","ATM NDC (02)","HOST_SPM (08)","Financial Transaction Request","WITHDRAWAL","Approved","507656XXXXXX4332","08/10/2026 10:43:39","08/10/2026 08:43:39","800,000.00 MGA",="00000089",="0000000012",="168564","HST"
="008664",="622208348731","ATM NDC (02)","STAND IN","Financial Transaction Request","Authentication Request ","Approved","507656XXXXXX4332","08/10/2026 10:43:28","08/10/2026 08:43:28","0.00 MGA",="00000089",="0000000012",="077876","HST"
="003240",="622208260499","ATM NDC (02)","HOST_SPM (08)","Financial Transaction Request","Balance Inquiry ","Approved","507656XXXXXX6379","08/10/2026 10:43:02","08/10/2026 08:43:02","0.00 MGA",="00000096",="0000000018",="385260","HST"
="003238",="622208260497","ATM NDC (02)","HOST_SPM (08)","Financial Transaction Request","Balance Inquiry ","Approved","507656XXXXXX6379","08/10/2026 10:42:32","08/10/2026 08:42:32","0.00 MGA",="00000096",="0000000018",="384970","HST"
="003236",="622208260495","ATM NDC (02)","STAND IN","Financial Transaction Request","Authentication Request ","Approved","507656XXXXXX6379","08/10/2026 10:42:27","08/10/2026 08:42:27","0.00 MGA",="00000096",="0000000018",="026296","HST"
="007117",="622208621619","ATM NDC (02)","HOST_SPM (08)","Financial Transaction Request","WITHDRAWAL","Approved","507656XXXXXX5344","08/10/2026 10:37:00","08/10/2026 08:37:00","40,000.00 MGA",="00000081",="0000000004",="048165","HST"
="007115",="622208621617","ATM NDC (02)","HOST_SPM (08)","Financial Transaction Request","Balance Inquiry ","Approved","507656XXXXXX5344","08/10/2026 10:36:43","08/10/2026 08:36:43","0.00 MGA",="00000081",="0000000004",="381480","HST"
="007113",="622208621615","ATM NDC (02)","STAND IN","Financial Transaction Request","Authentication Request ","Approved","507656XXXXXX5344","08/10/2026 10:36:38","08/10/2026 08:36:38","0.00 MGA",="00000081",="0000000004",="062848","HST"
="001180",="622208511237","ATM NDC (02)","HOST_SPM (08)","Financial Transaction Request","Short statement request","Approved","507656XXXXXX2537","08/10/2026 10:34:24","08/10/2026 08:34:24","0.00 MGA",="00000092",="0000000015",="380080","HST"
="006012",="622208240154","ATM NDC (02)","STAND IN","Financial Transaction Request","Authentication Request ","Approved","507656XXXXXX8054","08/10/2026 10:34:15","08/10/2026 08:34:15","0.00 MGA",="00000082",="0000000005",="029045","HST"
="001176",="622208511234","ATM NDC (02)","HOST_SPM (08)","Financial Transaction Request","Balance Inquiry ","Approved","507656XXXXXX2537","08/10/2026 10:33:46","08/10/2026 08:33:46","0.00 MGA",="00000092",="0000000015",="379710","HST"
="007112",="622208621614","ATM NDC (02)","HOST_SPM (08)","Financial Transaction Request","WITHDRAWAL","Approved","507656XXXXXX4601","08/10/2026 10:31:26","08/10/2026 08:31:26","150,000.00 MGA",="00000081",="0000000004",="467831","HST"
="007110",="622208621612","ATM NDC (02)","STAND IN","Financial Transaction Request","Authentication Request ","Approved","507656XXXXXX4601","08/10/2026 10:30:58","08/10/2026 08:30:58","0.00 MGA",="00000081",="0000000004",="003786","HST"
="003235",="622208260494","ATM NDC (02)","HOST_SPM (08)","Financial Transaction Request","WITHDRAWAL","Approved","507656XXXXXX1596","08/10/2026 10:30:31","08/10/2026 08:30:31","400,000.00 MGA",="00000096",="0000000018",="617775","HST"
="003229",="622208260489","ATM NDC (02)","STAND IN","Financial Transaction Request","Authentication Request ","Approved","507656XXXXXX8115","08/10/2026 10:29:01","08/10/2026 08:29:01","0.00 MGA",="00000096",="0000000018",="071981","HST"
="008901",="622208707091","ATM NDC (02)","HOST_SPM (08)","Financial Transaction Request","WITHDRAWAL","Approved","507656XXXXXX3741","08/10/2026 10:26:37","08/10/2026 08:26:37","600,000.00 MGA",="00000108",="0000000027",="257542","HST"
="008899",="622208707089","ATM NDC (02)","HOST_SPM (08)","Financial Transaction Request","Balance Inquiry ","Approved","507656XXXXXX3741","08/10/2026 10:26:26","08/10/2026 08:26:26","0.00 MGA",="00000108",="0000000027",="375310","HST"
="008897",="622208707087","ATM NDC (02)","STAND IN","Financial Transaction Request","Authentication Request ","Approved","507656XXXXXX3741","08/10/2026 10:26:22","08/10/2026 08:26:22","0.00 MGA",="00000108",="0000000027",="095654","HST"
="007968",="622208884756","ATM NDC (02)","HOST_SPM (08)","Financial Transaction Request","Balance Inquiry ","Approved","507656XXXXXX9643","08/10/2026 10:19:46","08/10/2026 08:19:46","0.00 MGA",="00000094",="0000000017",="371300","HST"
="007966",="622208884754","ATM NDC (02)","STAND IN","Financial Transaction Request","Authentication Request ","Approved","507656XXXXXX9643","08/10/2026 10:19:41","08/10/2026 08:19:42","0.00 MGA",="00000094",="0000000017",="038191","HST"
="007963",="622208884751","ATM NDC (02)","HOST_SPM (08)","Financial Transaction Request","Balance Inquiry ","Approved","507656XXXXXX9643","08/10/2026 10:18:42","08/10/2026 08:18:42","0.00 MGA",="00000094",="0000000017",="370670","HST"
="001630",="622208248088","ATM NDC (02)","HOST_SPM (08)","Financial Transaction Request","WITHDRAWAL","Approved","507656XXXXXX3548","08/10/2026 10:13:01","08/10/2026 08:13:01","150,000.00 MGA",="00000083",="0000000006",="526726","HST"
="001173",="622208511231","ATM NDC (02)","HOST_SPM (08)","Financial Transaction Request","WITHDRAWAL","Approved","507656XXXXXX3013","08/10/2026 10:12:39","08/10/2026 08:12:39","65,000.00 MGA",="00000092",="0000000015",="606705","HST"
="001171",="622208511229","ATM NDC (02)","HOST_SPM (08)","Financial Transaction Request","Balance Inquiry ","Approved","507656XXXXXX3013","08/10/2026 10:12:18","08/10/2026 08:12:19","0.00 MGA",="00000092",="0000000015",="366830","HST"
="001169",="622208511227","ATM NDC (02)","STAND IN","Financial Transaction Request","Authentication Request ","Approved","507656XXXXXX3013","08/10/2026 10:12:11","08/10/2026 08:12:11","0.00 MGA",="00000092",="0000000015",="048453","HST"
="001168",="622208511226","ATM NDC (02)","STAND IN","Financial Transaction Request","Authentication Request ","Incorrect PIN","507656XXXXXX6533","08/10/2026 10:11:19","08/10/2026 08:11:19","0.00 MGA",="00000092",="0000000015","","HST"
="006011",="622208240153","ATM NDC (02)","HOST_SPM (08)","Financial Transaction Request","WITHDRAWAL","Approved","507656XXXXXX1730","08/10/2026 10:10:24","08/10/2026 08:10:24","200,000.00 MGA",="00000082",="0000000005",="816569","HST"
="006405",="622208707431","ATM NDC (02)","HOST_SPM (08)","Financial Transaction Request","WITHDRAWAL","Approved","507656XXXXXX3046","08/10/2026 10:10:13","08/10/2026 08:10:13","100,000.00 MGA",="00000107",="0000000026",="466558","HST"
="006403",="622208707429","ATM NDC (02)","HOST_SPM (08)","Financial Transaction Request","Balance Inquiry ","Approved","507656XXXXXX3046","08/10/2026 10:09:40","08/10/2026 08:09:40","0.00 MGA",="00000107",="0000000026",="365250","HST"
="006401",="622208707427","ATM NDC (02)","STAND IN","Financial Transaction Request","Authentication Request ","Approved","507656XXXXXX3046","08/10/2026 10:09:34","08/10/2026 08:09:34","0.00 MGA",="00000107",="0000000026",="036942","HST"
="006008",="622208240150","ATM NDC (02)","HOST_SPM (08)","Financial Transaction Request","WITHDRAWAL","Approved","507656XXXXXX1730","08/10/2026 10:09:25","08/10/2026 08:09:25","800,000.00 MGA",="00000082",="0000000005",="616511","HST"
="006006",="622208240148","ATM NDC (02)","STAND IN","Financial Transaction Request","Authentication Request ","Approved","507656XXXXXX1730","08/10/2026 10:09:15","08/10/2026 08:09:15","0.00 MGA",="00000082",="0000000005",="097185","HST"
="009814",="622208415527","ATM NDC (02)","HOST_SPM (08)","Financial Transaction Request","WITHDRAWAL","Approved","507656XXXXXX6287","08/10/2026 10:05:30","08/10/2026 08:05:30","200,000.00 MGA",="00000106",="0000000025",="956275","HST"
="009812",="622208415525","ATM NDC (02)","STAND IN","Financial Transaction Request","Authentication Request ","Approved","507656XXXXXX6287","08/10/2026 10:05:23","08/10/2026 08:05:23","0.00 MGA",="00000106",="0000000025",="042152","HST"
="008896",="622208707086","ATM NDC (02)","HOST_SPM (08)","Financial Transaction Request","WITHDRAWAL","Approved","507656XXXXXX5066","08/10/2026 10:05:15","08/10/2026 08:05:15","600,000.00 MGA",="00000108",="0000000027",="256260","HST"
="007108",="622208621611","ATM NDC (02)","HOST_SPM (08)","Financial Transaction Request","Balance Inquiry ","Approved","507656XXXXXX5996","08/10/2026 10:05:13","08/10/2026 08:05:13","0.00 MGA",="00000081",="0000000004",="362570","HST"
="007106",="622208621609","ATM NDC (02)","STAND IN","Financial Transaction Request","Authentication Request ","Approved","507656XXXXXX5996","08/10/2026 10:05:07","08/10/2026 08:05:07","0.00 MGA",="00000081",="0000000004",="068480","HST"
="005853",="622208099171","ATM NDC (02)","STAND IN","Financial Transaction Request","Authentication Request ","Approved","507656XXXXXX4308","08/10/2026 10:04:42","08/10/2026 08:04:42","0.00 MGA",="00000090",="0000000013",="002315","HST"
="008892",="622208707082","ATM NDC (02)","STAND IN","Financial Transaction Request","Authentication Request ","Approved","507656XXXXXX5066","08/10/2026 10:04:41","08/10/2026 08:04:41","0.00 MGA",="00000108",="0000000027",="050416","HST"
="009811",="622208415524","ATM NDC (02)","HOST_SPM (08)","Financial Transaction Request","WITHDRAWAL","Approved","507656XXXXXX6287","08/10/2026 10:04:38","08/10/2026 08:04:38","800,000.00 MGA",="00000106",="0000000025",="816223","HST"
="009809",="622208415522","ATM NDC (02)","HOST_SPM (08)","Financial Transaction Request","Balance Inquiry ","Approved","507656XXXXXX6287","08/10/2026 10:04:25","08/10/2026 08:04:25","0.00 MGA",="00000106",="0000000025",="362090","HST"
="009807",="622208415520","ATM NDC (02)","STAND IN","Financial Transaction Request","Authentication Request ","Approved","507656XXXXXX6287","08/10/2026 10:04:21","08/10/2026 08:04:21","0.00 MGA",="00000106",="0000000025",="051753","HST"
="002986",="622208783456","ATM NDC (02)","HOST_SPM (08)","Financial Transaction Request","WITHDRAWAL","Approved","507656XXXXXX1544","08/10/2026 10:00:09","08/10/2026 08:00:09","480,000.00 MGA",="00000109",="0000000028",="245954","HST"
="002984",="622207783454","ATM NDC (02)","HOST_SPM (08)","Financial Transaction Request","Balance Inquiry ","Approved","507656XXXXXX1544","08/10/2026 09:59:47","08/10/2026 07:59:47","0.00 MGA",="00000109",="0000000028",="359310","HST"
="002982",="622207783452","ATM NDC (02)","STAND IN","Financial Transaction Request","Authentication Request ","Approved","507656XXXXXX1544","08/10/2026 09:59:41","08/10/2026 07:59:41","0.00 MGA",="00000109",="0000000028",="064046","HST"
="007105",="622207621608","ATM NDC (02)","HOST_SPM (08)","Financial Transaction Request","WITHDRAWAL","Approved","507656XXXXXX7032","08/10/2026 09:53:33","08/10/2026 07:53:33","50,000.00 MGA",="00000081",="0000000004",="175570","HST"
="007103",="622207621606","ATM NDC (02)","STAND IN","Financial Transaction Request","Authentication Request ","Approved","507656XXXXXX7032","08/10/2026 09:53:23","08/10/2026 07:53:24","0.00 MGA",="00000081",="0000000004",="012593","HST"
="007102",="622207621605","ATM NDC (02)","HOST_SPM (08)","Financial Transaction Request","WITHDRAWAL","Approved","507656XXXXXX0322","08/10/2026 09:51:19","08/10/2026 07:51:19","15,000.00 MGA",="00000081",="0000000004",="215432","HST"
="007100",="622207621603","ATM NDC (02)","STAND IN","Financial Transaction Request","Authentication Request ","Approved","507656XXXXXX0322","08/10/2026 09:51:10","08/10/2026 07:51:10","0.00 MGA",="00000081",="0000000004",="013092","HST"
="002330",="622207261559","ATM NDC (02)","HOST_SPM (08)","Financial Transaction Request","WITHDRAWAL","Approved","507656XXXXXX5393","08/10/2026 09:49:49","08/10/2026 07:49:50","130,000.00 MGA",="00000103",="0000000023",="465341","HST"
="002326",="622207261555","ATM NDC (02)","STAND IN","Financial Transaction Request","Authentication Request ","Approved","507656XXXXXX5393","08/10/2026 09:49:20","08/10/2026 07:49:20","0.00 MGA",="00000103",="0000000023",="005158","HST"
="007099",="622207621602","ATM NDC (02)","HOST_SPM (08)","Financial Transaction Request","WITHDRAWAL","Approved","507656XXXXXX3340","08/10/2026 09:48:58","08/10/2026 07:48:58","170,000.00 MGA",="00000081",="0000000004",="615292","HST"
="007097",="622207284400","ATM NDC (02)","HOST_SPM (08)","Financial Transaction Request","Balance Inquiry ","Approved","507656XXXXXX3340","08/10/2026 09:48:32","08/10/2026 07:48:32","0.00 MGA",="00000081",="0000000004",="352580","HST"
="007095",="622207284398","ATM NDC (02)","STAND IN","Financial Transaction Request","Authentication Request ","Approved","507656XXXXXX3340","08/10/2026 09:48:27","08/10/2026 07:48:27","0.00 MGA",="00000081",="0000000004",="031941","HST"
="003073",="622207570990","ATM NDC (02)","HOST_SPM (08)","Financial Transaction Request","WITHDRAWAL","Approved","507656XXXXXX2858","08/10/2026 09:44:35","08/10/2026 07:44:35","300,000.00 MGA",="00000100",="0000000021",="445027","HST"
="003071",="622207570988","ATM NDC (02)","STAND IN","Financial Transaction Request","Authentication Request ","Approved","507656XXXXXX2858","08/10/2026 09:44:11","08/10/2026 07:44:11","0.00 MGA",="00000100",="0000000021",="088610","HST"
="002325",="622207261554","ATM NDC (02)","HOST_SPM (08)","Financial Transaction Request","WITHDRAWAL","Approved","507656XXXXXX8003","08/10/2026 09:44:07","08/10/2026 07:44:07","600,000.00 MGA",="00000103",="0000000023",="975003","HST"
="008891",="622207952224","ATM NDC (02)","HOST_SPM (08)","Financial Transaction Request","WITHDRAWAL","Approved","507656XXXXXX2766","08/10/2026 09:42:11","08/10/2026 07:42:11","5,000.00 MGA",="00000108",="0000000027",="814882","HST"
="008889",="622207952222","ATM NDC (02)","STAND IN","Financial Transaction Request","Authentication Request ","Approved","507656XXXXXX2766","08/10/2026 09:42:01","08/10/2026 07:42:01","0.00 MGA",="00000108",="0000000027",="077556","HST"
="007960",="622207884748","ATM NDC (02)","HOST_SPM (08)","Financial Transaction Request","WITHDRAWAL","Approved","507656XXXXXX0323","08/10/2026 09:35:03","08/10/2026 07:35:03","400,000.00 MGA",="00000094",="0000000017",="414454","HST"
="007958",="622207884746","ATM NDC (02)","HOST_SPM (08)","Financial Transaction Request","Balance Inquiry ","Approved","507656XXXXXX0323","08/10/2026 09:34:37","08/10/2026 07:34:37","0.00 MGA",="00000094",="0000000017",="344230","HST"
="007956",="622207884744","ATM NDC (02)","STAND IN","Financial Transaction Request","Authentication Request ","Approved","507656XXXXXX0323","08/10/2026 09:34:31","08/10/2026 07:34:31","0.00 MGA",="00000094",="0000000017",="002726","HST"
="001626",="622207248085","ATM NDC (02)","HOST_SPM (08)","Financial Transaction Request","Balance Inquiry ","Approved","507656XXXXXX5401","08/10/2026 09:28:35","08/10/2026 07:28:35","0.00 MGA",="00000083",="0000000006",="340590","HST"
="001624",="622207248083","ATM NDC (02)","STAND IN","Financial Transaction Request","Authentication Request ","Approved","507656XXXXXX5401","08/10/2026 09:28:29","08/10/2026 07:28:29","0.00 MGA",="00000083",="0000000006",="069376","HST"
="001623",="622207248082","ATM NDC (02)","HOST_SPM (08)","Financial Transaction Request","WITHDRAWAL","Approved","507656XXXXXX5401","08/10/2026 09:27:43","08/10/2026 07:27:43","800,000.00 MGA",="00000083",="0000000006",="814008","HST"
="001621",="622207248080","ATM NDC (02)","STAND IN","Financial Transaction Request","Authentication Request ","Approved","507656XXXXXX5401","08/10/2026 09:27:34","08/10/2026 07:27:34","0.00 MGA",="00000083",="0000000006",="016207","HST"
="001620",="622207248079","ATM NDC (02)","STAND IN","Financial Transaction Request","Authentication Request ","Incorrect PIN","507656XXXXXX5401","08/10/2026 09:26:56","08/10/2026 07:26:56","0.00 MGA",="00000083",="0000000006","","HST"
="002980",="622207783451","ATM NDC (02)","HOST_SPM (08)","Financial Transaction Request","Balance Inquiry ","Approved","507656XXXXXX6794","08/10/2026 09:17:27","08/10/2026 07:17:27","0.00 MGA",="00000109",="0000000028",="333920","HST"
="002978",="622207783449","ATM NDC (02)","HOST_SPM (08)","Financial Transaction Request","Balance Inquiry ","Approved","507656XXXXXX6794","08/10/2026 09:16:58","08/10/2026 07:16:58","0.00 MGA",="00000109",="0000000028",="333620","HST"
="002976",="622207783447","ATM NDC (02)","STAND IN","Financial Transaction Request","Authentication Request ","Approved","507656XXXXXX6794","08/10/2026 09:16:53","08/10/2026 07:16:53","0.00 MGA",="00000109",="0000000028",="089638","HST"
="001619",="622207248078","ATM NDC (02)","HOST_SPM (08)","Financial Transaction Request","WITHDRAWAL","Approved","507656XXXXXX3090","08/10/2026 09:13:09","08/10/2026 07:13:09","200,000.00 MGA",="00000083",="0000000006",="253135","HST"
="001617",="622207248076","ATM NDC (02)","STAND IN","Financial Transaction Request","Authentication Request ","Approved","507656XXXXXX3090","08/10/2026 09:13:04","08/10/2026 07:13:04","0.00 MGA",="00000083",="0000000006",="068504","HST"
="001613",="622207248072","ATM NDC (02)","HOST_SPM (08)","Financial Transaction Request","WITHDRAWAL","Approved","507656XXXXXX3090","08/10/2026 09:10:42","08/10/2026 07:10:42","400,000.00 MGA",="00000083",="0000000006",="162988","HST"
="001900",="622207707081","ATM NDC (02)","HOST_SPM (08)","Financial Transaction Request","Balance Inquiry ","Approved","507656XXXXXX4513","08/10/2026 09:10:41","08/10/2026 07:10:41","0.00 MGA",="00000098",="0000000019",="329850","HST"
="001898",="622207707079","ATM NDC (02)","STAND IN","Financial Transaction Request","Authentication Request ","Approved","507656XXXXXX4513","08/10/2026 09:10:36","08/10/2026 07:10:36","0.00 MGA",="00000098",="0000000019",="010916","HST"
="001611",="622207248070","ATM NDC (02)","HOST_SPM (08)","Financial Transaction Request","Balance Inquiry ","Approved","507656XXXXXX3090","08/10/2026 09:10:27","08/10/2026 07:10:27","0.00 MGA",="00000083",="0000000006",="329720","HST"
="003227",="622207605204","ATM NDC (02)","HOST_SPM (08)","Financial Transaction Request","Balance Inquiry ","Approved","507656XXXXXX3404","08/10/2026 09:10:26","08/10/2026 07:10:26","0.00 MGA",="00000096",="0000000018",="329700","HST"
="001609",="622207248068","ATM NDC (02)","STAND IN","Financial Transaction Request","Authentication Request ","Approved","507656XXXXXX3090","08/10/2026 09:10:23","08/10/2026 07:10:23","0.00 MGA",="00000083",="0000000006",="034966","HST"
="003225",="622207605202","ATM NDC (02)","STAND IN","Financial Transaction Request","Authentication Request ","Approved","507656XXXXXX3404","08/10/2026 09:10:16","08/10/2026 07:10:16","0.00 MGA",="00000096",="0000000018",="018788","HST"
="007147",="622207415519","ATM NDC (02)","HOST_SPM (08)","Financial Transaction Request","WITHDRAWAL","Approved","507656XXXXXX7467","08/10/2026 09:04:20","08/10/2026 07:04:20","100,000.00 MGA",="00000091",="0000000014",="042605","HST"
="005824",="622207454271","ATM NDC (02)","HOST_SPM (08)","Financial Transaction Request","Balance Inquiry ","Approved","507656XXXXXX9037","08/10/2026 09:00:26","08/10/2026 07:00:26","0.00 MGA",="00000102",="0000000022",="323700","HST"
="007090",="622206284394","ATM NDC (02)","HOST_SPM (08)","Financial Transaction Request","WITHDRAWAL","Approved","507656XXXXXX8158","08/10/2026 08:59:30","08/10/2026 06:59:30","600,000.00 MGA",="00000081",="0000000004",="862315","HST"
="005819",="622206454266","ATM NDC (02)","STAND IN","Financial Transaction Request","Authentication Request ","Approved","507656XXXXXX9037","08/10/2026 08:59:26","08/10/2026 06:59:26","0.00 MGA",="00000102",="0000000022",="009686","HST"
="007088",="622206284392","ATM NDC (02)","HOST_SPM (08)","Financial Transaction Request","Balance Inquiry ","Approved","507656XXXXXX8158","08/10/2026 08:59:14","08/10/2026 06:59:14","0.00 MGA",="00000081",="0000000004",="322980","HST"
="007086",="622206284390","ATM NDC (02)","STAND IN","Financial Transaction Request","Authentication Request ","Approved","507656XXXXXX8158","08/10/2026 08:59:09","08/10/2026 06:59:09","0.00 MGA",="00000081",="0000000004",="068826","HST"
="001357",="622206073407","ATM NDC (02)","STAND IN","Financial Transaction Request","Authentication Request ","Approved","507656XXXXXX2387","08/10/2026 08:58:09","08/10/2026 06:58:09","0.00 MGA",="00000099",="0000000034",="074795","HST"
="001356",="622206073406","ATM NDC (02)","HOST_SPM (08)","Financial Transaction Request","WITHDRAWAL","Exceeds withdrawal limit","507656XXXXXX2387","08/10/2026 08:57:47","08/10/2026 06:57:47","600,000.00 MGA",="00000099",="0000000034","","HST"
="001354",="622206073404","ATM NDC (02)","STAND IN","Financial Transaction Request","Authentication Request ","Approved","507656XXXXXX2387","08/10/2026 08:57:42","08/10/2026 06:57:42","0.00 MGA",="00000099",="0000000034",="086793","HST"
="002320",="622206261549","ATM NDC (02)","STAND IN","Financial Transaction Request","Authentication Request ","Approved","507656XXXXXX2738","08/10/2026 08:56:58","08/10/2026 06:56:58","0.00 MGA",="00000103",="0000000023",="025331","HST"
="001351",="622206073401","ATM NDC (02)","STAND IN","Financial Transaction Request","Authentication Request ","Approved","507656XXXXXX2387","08/10/2026 08:56:46","08/10/2026 06:56:46","0.00 MGA",="00000099",="0000000034",="048172","HST"
="002319",="622206261548","ATM NDC (02)","HOST_SPM (08)","Financial Transaction Request","WITHDRAWAL","Approved","507656XXXXXX2738","08/10/2026 08:56:16","08/10/2026 06:56:16","100,000.00 MGA",="00000103",="0000000023",="972122","HST"
="002317",="622206261546","ATM NDC (02)","HOST_SPM (08)","Financial Transaction Request","Balance Inquiry ","Approved","507656XXXXXX2738","08/10/2026 08:56:07","08/10/2026 06:56:07","0.00 MGA",="00000103",="0000000023",="321120","HST"
="002315",="622206261544","ATM NDC (02)","STAND IN","Financial Transaction Request","Authentication Request ","Approved","507656XXXXXX2738","08/10/2026 08:56:02","08/10/2026 06:56:02","0.00 MGA",="00000103",="0000000023",="016468","HST"
="001349",="622206073400","ATM NDC (02)","HOST_SPM (08)","Financial Transaction Request","Balance Inquiry ","Approved","507656XXXXXX0912","08/10/2026 08:51:18","08/10/2026 06:51:18","0.00 MGA",="00000099",="0000000034",="318230","HST"
="001347",="622206073398","ATM NDC (02)","STAND IN","Financial Transaction Request","Authentication Request ","Approved","507656XXXXXX0912","08/10/2026 08:51:13","08/10/2026 06:51:13","0.00 MGA",="00000099",="0000000034",="054951","HST"
="001346",="622206073397","ATM NDC (02)","HOST_SPM (08)","Financial Transaction Request","WITHDRAWAL","Approved","507656XXXXXX0912","08/10/2026 08:50:15","08/10/2026 06:50:16","150,000.00 MGA",="00000099",="0000000034",="411766","HST"
="001342",="622206073393","ATM NDC (02)","STAND IN","Financial Transaction Request","Authentication Request ","Approved","507656XXXXXX0912","08/10/2026 08:49:35","08/10/2026 06:49:35","0.00 MGA",="00000099",="0000000034",="075481","HST"
="009600",="622206775824","ATM NDC (02)","HOST_SPM (08)","Financial Transaction Request","WITHDRAWAL","Approved","507656XXXXXX7799","08/10/2026 08:48:11","08/10/2026 06:48:12","400,000.00 MGA",="00000086",="0000000009",="521647","HST"
="009806",="622206312460","ATM NDC (02)","HOST_SPM (08)","Financial Transaction Request","WITHDRAWAL","Approved","507656XXXXXX2643","08/10/2026 08:47:58","08/10/2026 06:47:58","300,000.00 MGA",="00000106",="0000000025",="601634","HST"
="009598",="622206775822","ATM NDC (02)","STAND IN","Financial Transaction Request","Authentication Request ","Approved","507656XXXXXX7799","08/10/2026 08:47:58","08/10/2026 06:47:58","0.00 MGA",="00000086",="0000000009",="090119","HST"
="009804",="622206312458","ATM NDC (02)","STAND IN","Financial Transaction Request","Authentication Request ","Approved","507656XXXXXX2643","08/10/2026 08:47:32","08/10/2026 06:47:32","0.00 MGA",="00000106",="0000000025",="036513","HST"
="000220",="622206647423","ATM NDC (02)","HOST_SPM (08)","Financial Transaction Request","WITHDRAWAL","Approved","507656XXXXXX7804","08/10/2026 08:46:21","08/10/2026 06:46:21","50,000.00 MGA",="00000093",="0000000016",="171528","HST"
="000218",="622206647421","ATM NDC (02)","STAND IN","Financial Transaction Request","Authentication Request ","Approved","507656XXXXXX7804","08/10/2026 08:46:13","08/10/2026 06:46:13","0.00 MGA",="00000093",="0000000016",="099825","HST"
="006400",="622206707426","ATM NDC (02)","HOST_SPM (08)","Financial Transaction Request","WITHDRAWAL","Approved","507656XXXXXX9574","08/10/2026 08:44:53","08/10/2026 06:44:53","600,000.00 MGA",="00000107",="0000000026",="211438","HST"
="006398",="622206707424","ATM NDC (02)","STAND IN","Financial Transaction Request","Authentication Request ","Approved","507656XXXXXX9574","08/10/2026 08:44:45","08/10/2026 06:44:45","0.00 MGA",="00000107",="0000000026",="035396","HST"
="003767",="622206432466","ATM NDC (02)","HOST_SPM (08)","Financial Transaction Request","WITHDRAWAL","Approved","507656XXXXXX0151","08/10/2026 08:43:58","08/10/2026 06:43:58","400,000.00 MGA",="00000088",="0000000011",="461383","HST"
="003765",="622206432464","ATM NDC (02)","STAND IN","Financial Transaction Request","Authentication Request ","Approved","507656XXXXXX0151","08/10/2026 08:43:51","08/10/2026 06:43:51","0.00 MGA",="00000088",="0000000011",="013097","HST"
="003764",="622206432463","ATM NDC (02)","HOST_SPM (08)","Financial Transaction Request","WITHDRAWAL","Approved","507656XXXXXX0151","08/10/2026 08:42:57","08/10/2026 06:42:57","800,000.00 MGA",="00000088",="0000000011",="861322","HST"
="003762",="622206432461","ATM NDC (02)","HOST_SPM (08)","Financial Transaction Request","Balance Inquiry ","Approved","507656XXXXXX0151","08/10/2026 08:42:38","08/10/2026 06:42:38","0.00 MGA",="00000088",="0000000011",="313020","HST"
="003760",="622206432459","ATM NDC (02)","STAND IN","Financial Transaction Request","Authentication Request ","Approved","507656XXXXXX0151","08/10/2026 08:42:34","08/10/2026 06:42:34","0.00 MGA",="00000088",="0000000011",="042367","HST"
="008882",="622206952216","ATM NDC (02)","STAND IN","Financial Transaction Request","Authentication Request ","Approved","507656XXXXXX6933","08/10/2026 08:40:26","08/10/2026 06:40:26","0.00 MGA",="00000108",="0000000027",="072334","HST"
="002975",="622206783446","ATM NDC (02)","HOST_SPM (08)","Financial Transaction Request","WITHDRAWAL","Approved","507656XXXXXX9812","08/10/2026 08:38:06","08/10/2026 06:38:06","10,000.00 MGA",="00000109",="0000000028",="441031","HST"
="002973",="622206783444","ATM NDC (02)","HOST_SPM (08)","Financial Transaction Request","Balance Inquiry ","Approved","507656XXXXXX9812","08/10/2026 08:37:41","08/10/2026 06:37:41","0.00 MGA",="00000109",="0000000028",="310060","HST"
="002971",="622206783442","ATM NDC (02)","STAND IN","Financial Transaction Request","Authentication Request ","Approved","507656XXXXXX9812","08/10/2026 08:37:35","08/10/2026 06:37:35","0.00 MGA",="00000109",="0000000028",="035154","HST"
="006396",="622206707423","ATM NDC (02)","HOST_SPM (08)","Financial Transaction Request","Balance Inquiry ","Approved","507656XXXXXX7776","08/10/2026 08:15:46","08/10/2026 06:15:46","0.00 MGA",="00000107",="0000000026",="296910","HST"
="006394",="622206707421","ATM NDC (02)","STAND IN","Financial Transaction Request","Authentication Request ","Approved","507656XXXXXX7776","08/10/2026 08:15:40","08/10/2026 06:15:40","0.00 MGA",="00000107",="0000000026",="065094","HST"
="005852",="622206099170","ATM NDC (02)","HOST_SPM (08)","Financial Transaction Request","WITHDRAWAL","Approved","507656XXXXXX4495","08/10/2026 08:15:33","08/10/2026 06:15:33","800,000.00 MGA",="00000090",="0000000013",="179678","HST"
="005850",="622206099168","ATM NDC (02)","HOST_SPM (08)","Financial Transaction Request","Balance Inquiry ","Approved","507656XXXXXX4495","08/10/2026 08:15:18","08/10/2026 06:15:18","0.00 MGA",="00000090",="0000000013",="296620","HST"
="005848",="622206099166","ATM NDC (02)","STAND IN","Financial Transaction Request","Authentication Request ","Approved","507656XXXXXX4495","08/10/2026 08:15:14","08/10/2026 06:15:14","0.00 MGA",="00000090",="0000000013",="028995","HST"
="005846",="622206099165","ATM NDC (02)","HOST_SPM (08)","Financial Transaction Request","Balance Inquiry ","Approved","507656XXXXXX2520","08/10/2026 08:14:49","08/10/2026 06:14:49","0.00 MGA",="00000090",="0000000013",="296330","HST"
="005844",="622206099163","ATM NDC (02)","STAND IN","Financial Transaction Request","Authentication Request ","Approved","507656XXXXXX2520","08/10/2026 08:14:45","08/10/2026 06:14:45","0.00 MGA",="00000090",="0000000013",="080820","HST"
="001341",="622206073392","ATM NDC (02)","HOST_SPM (08)","Financial Transaction Request","WITHDRAWAL","Approved","507656XXXXXX3097","08/10/2026 08:13:32","08/10/2026 06:13:33","45,000.00 MGA",="00000099",="0000000034",="469558","HST"
="001337",="622206073388","ATM NDC (02)","STAND IN","Financial Transaction Request","Authentication Request ","Approved","507656XXXXXX3097","08/10/2026 08:13:06","08/10/2026 06:13:06","0.00 MGA",="00000099",="0000000034",="001707","HST"
="001167",="622206511225","ATM NDC (02)","HOST_SPM (08)","Financial Transaction Request","WITHDRAWAL","Approved","507656XXXXXX4428","08/10/2026 08:07:32","08/10/2026 06:07:32","20,000.00 MGA",="00000092",="0000000015",="959197","HST"
="001165",="622206511223","ATM NDC (02)","HOST_SPM (08)","Financial Transaction Request","Balance Inquiry ","Approved","507656XXXXXX4428","08/10/2026 08:07:19","08/10/2026 06:07:20","0.00 MGA",="00000092",="0000000015",="291840","HST"
="001163",="622206511221","ATM NDC (02)","STAND IN","Financial Transaction Request","Authentication Request ","Approved","507656XXXXXX4428","08/10/2026 08:07:15","08/10/2026 06:07:15","0.00 MGA",="00000092",="0000000015",="017906","HST"
="007085",="622206284389","ATM NDC (02)","HOST_SPM (08)","Financial Transaction Request","WITHDRAWAL","Approved","507656XXXXXX8966","08/10/2026 08:06:03","08/10/2026 06:06:03","15,000.00 MGA",="00000081",="0000000004",="979108","HST"
="002591",="622205448235","ATM NDC (02)","HOST_SPM (08)","Financial Transaction Request","WITHDRAWAL","Approved","507656XXXXXX1524","08/10/2026 07:59:57","08/10/2026 05:59:57","200,000.00 MGA",="00000087",="0000000010",="728742","HST"
="002589",="622205448233","ATM NDC (02)","HOST_SPM (08)","Financial Transaction Request","Balance Inquiry ","Approved","507656XXXXXX1524","08/10/2026 07:59:43","08/10/2026 05:59:43","0.00 MGA",="00000087",="0000000010",="287280","HST"
="002587",="622205448231","ATM NDC (02)","STAND IN","Financial Transaction Request","Authentication Request ","Approved","507656XXXXXX1524","08/10/2026 07:59:36","08/10/2026 05:59:37","0.00 MGA",="00000087",="0000000010",="083542","HST"
="008662",="622205348729","ATM NDC (02)","HOST_SPM (08)","Financial Transaction Request","WITHDRAWAL","Approved","507656XXXXXX2364","08/10/2026 07:55:57","08/10/2026 05:55:57","5,000.00 MGA",="00000089",="0000000012",="248502","HST"
="008660",="622205348727","ATM NDC (02)","STAND IN","Financial Transaction Request","Authentication Request ","Approved","507656XXXXXX2364","08/10/2026 07:55:49","08/10/2026 05:55:49","0.00 MGA",="00000089",="0000000012",="000503","HST"
="001162",="622205511220","ATM NDC (02)","HOST_SPM (08)","Financial Transaction Request","WITHDRAWAL","Approved","507656XXXXXX8528","08/10/2026 07:53:39","08/10/2026 05:53:39","5,000.00 MGA",="00000092",="0000000015",="528365","HST"
="002585",="622205448229","ATM NDC (02)","HOST_SPM (08)","Financial Transaction Request","WITHDRAWAL","Approved","507656XXXXXX3332","08/10/2026 07:48:26","08/10/2026 05:48:26","400,000.00 MGA",="00000087",="0000000010",="818051","HST"
="006005",="622205240147","ATM NDC (02)","HOST_SPM (08)","Financial Transaction Request","WITHDRAWAL","Approved","507656XXXXXX5715","08/10/2026 07:48:22","08/10/2026 05:48:23","200,000.00 MGA",="00000082",="0000000005",="218048","HST"
="002583",="622205448227","ATM NDC (02)","STAND IN","Financial Transaction Request","Authentication Request ","Approved","507656XXXXXX3332","08/10/2026 07:48:20","08/10/2026 05:48:20","0.00 MGA",="00000087",="0000000010",="096580","HST"
="003758",="622205432457","ATM NDC (02)","HOST_SPM (08)","Financial Transaction Request","WITHDRAWAL","Approved","507656XXXXXX7492","08/10/2026 07:37:13","08/10/2026 05:37:13","600,000.00 MGA",="00000088",="0000000011",="617378","HST"
="003756",="622205432455","ATM NDC (02)","HOST_SPM (08)","Financial Transaction Request","Balance Inquiry ","Approved","507656XXXXXX7492","08/10/2026 07:36:58","08/10/2026 05:36:58","0.00 MGA",="00000088",="0000000011",="273630","HST"
="003754",="622205432453","ATM NDC (02)","STAND IN","Financial Transaction Request","Authentication Request ","Approved","507656XXXXXX7492","08/10/2026 07:36:52","08/10/2026 05:36:52","0.00 MGA",="00000088",="0000000011",="017655","HST"
="006393",="622205707420","ATM NDC (02)","HOST_SPM (08)","Financial Transaction Request","WITHDRAWAL","Approved","507656XXXXXX4546","08/10/2026 07:34:01","08/10/2026 05:34:01","5,000.00 MGA",="00000107",="0000000026",="447186","HST"
="006391",="622205707418","ATM NDC (02)","HOST_SPM (08)","Financial Transaction Request","Balance Inquiry ","Approved","507656XXXXXX4546","08/10/2026 07:33:37","08/10/2026 05:33:37","0.00 MGA",="00000107",="0000000026",="271620","HST"
="006389",="622205707416","ATM NDC (02)","STAND IN","Financial Transaction Request","Authentication Request ","Approved","507656XXXXXX4546","08/10/2026 07:33:31","08/10/2026 05:33:31","0.00 MGA",="00000107",="0000000026",="065431","HST"
="006384",="622205707411","ATM NDC (02)","STAND IN","Financial Transaction Request","Authentication Request ","Approved","507656XXXXXX4546","08/10/2026 07:32:24","08/10/2026 05:32:24","0.00 MGA",="00000107",="0000000026",="020821","HST"
="005818",="622205454265","ATM NDC (02)","HOST_SPM (08)","Financial Transaction Request","WITHDRAWAL","Approved","507656XXXXXX8161","08/10/2026 07:24:33","08/10/2026 05:24:33","30,000.00 MGA",="00000102",="0000000022",="246618","HST"
="005816",="622205454263","ATM NDC (02)","HOST_SPM (08)","Financial Transaction Request","Balance Inquiry ","Approved","507656XXXXXX8161","08/10/2026 07:23:48","08/10/2026 05:23:48","0.00 MGA",="00000102",="0000000022",="265720","HST"
="002314",="622205261543","ATM NDC (02)","HOST_SPM (08)","Financial Transaction Request","WITHDRAWAL","Approved","507656XXXXXX6885","08/10/2026 07:22:15","08/10/2026 05:22:15","5,000.00 MGA",="00000103",="0000000023",="606481","HST"
="002312",="622205261541","ATM NDC (02)","HOST_SPM (08)","Financial Transaction Request","Balance Inquiry ","Approved","507656XXXXXX6885","08/10/2026 07:21:52","08/10/2026 05:21:52","0.00 MGA",="00000103",="0000000023",="264570","HST"
="002310",="622205261539","ATM NDC (02)","STAND IN","Financial Transaction Request","Authentication Request ","Approved","507656XXXXXX6885","08/10/2026 07:21:48","08/10/2026 05:21:48","0.00 MGA",="00000103",="0000000023",="010522","HST"
="000214",="622205647417","ATM NDC (02)","STAND IN","Financial Transaction Request","Authentication Request ","Approved","507656XXXXXX3318","08/10/2026 07:19:06","08/10/2026 05:19:06","0.00 MGA",="00000093",="0000000016",="035725","HST"
="001207",="622205246203","ATM NDC (02)","HOST_SPM (08)","Financial Transaction Request","Balance Inquiry ","Approved","507656XXXXXX5966","08/10/2026 07:10:50","08/10/2026 05:10:50","0.00 MGA",="00000084",="0000000007",="257940","HST"
="001205",="622205246201","ATM NDC (02)","STAND IN","Financial Transaction Request","Authentication Request ","Approved","507656XXXXXX5966","08/10/2026 07:10:45","08/10/2026 05:10:45","0.00 MGA",="00000084",="0000000007",="010962","HST"
="007082",="622205284386","ATM NDC (02)","HOST_SPM (08)","Financial Transaction Request","WITHDRAWAL","Approved","507656XXXXXX1974","08/10/2026 07:01:01","08/10/2026 05:01:01","50,000.00 MGA",="00000081",="0000000004",="975211","HST"
="007080",="622205284384","ATM NDC (02)","HOST_SPM (08)","Financial Transaction Request","Balance Inquiry ","Approved","507656XXXXXX1974","08/10/2026 07:00:45","08/10/2026 05:00:45","0.00 MGA",="00000081",="0000000004",="251890","HST"
="007078",="622205284382","ATM NDC (02)","STAND IN","Financial Transaction Request","Authentication Request ","Approved","507656XXXXXX1974","08/10/2026 07:00:41","08/10/2026 05:00:41","0.00 MGA",="00000081",="0000000004",="019840","HST"
="007077",="622204284381","ATM NDC (02)","HOST_SPM (08)","Financial Transaction Request","WITHDRAWAL","Approved","507656XXXXXX3080","08/10/2026 06:59:06","08/10/2026 04:59:06","65,000.00 MGA",="00000081",="0000000004",="725092","HST"
="007075",="622204284379","ATM NDC (02)","HOST_SPM (08)","Financial Transaction Request","Balance Inquiry ","Approved","507656XXXXXX3080","08/10/2026 06:58:49","08/10/2026 04:58:49","0.00 MGA",="00000081",="0000000004",="250730","HST"
="007073",="622204284377","ATM NDC (02)","STAND IN","Financial Transaction Request","Authentication Request ","Approved","507656XXXXXX3080","08/10/2026 06:58:45","08/10/2026 04:58:45","0.00 MGA",="00000081",="0000000004",="044717","HST"
="006381",="622204707408","ATM NDC (02)","HOST_SPM (08)","Financial Transaction Request","Balance Inquiry ","Approved","507656XXXXXX1122","08/10/2026 06:53:52","08/10/2026 04:53:52","0.00 MGA",="00000107",="0000000026",="247760","HST"
="006379",="622204707406","ATM NDC (02)","STAND IN","Financial Transaction Request","Authentication Request ","Approved","507656XXXXXX1122","08/10/2026 06:53:47","08/10/2026 04:53:47","0.00 MGA",="00000107",="0000000026",="028761","HST"
="001335",="622204073387","ATM NDC (02)","HOST_SPM (08)","Financial Transaction Request","Balance Inquiry ","Approved","507656XXXXXX0743","08/10/2026 06:53:40","08/10/2026 04:53:40","0.00 MGA",="00000099",="0000000034",="247640","HST"
="001333",="622204073385","ATM NDC (02)","STAND IN","Financial Transaction Request","Authentication Request ","Approved","507656XXXXXX0743","08/10/2026 06:53:35","08/10/2026 04:53:35","0.00 MGA",="00000099",="0000000034",="039892","HST"
="006378",="622204707405","ATM NDC (02)","HOST_SPM (08)","Financial Transaction Request","WITHDRAWAL","Approved","507656XXXXXX1912","08/10/2026 06:52:22","08/10/2026 04:52:22","400,000.00 MGA",="00000107",="0000000026",="174687","HST"
="003751",="622204432450","ATM NDC (02)","HOST_SPM (08)","Financial Transaction Request","Balance Inquiry ","Approved","507656XXXXXX5032","08/10/2026 06:40:15","08/10/2026 04:40:16","0.00 MGA",="00000088",="0000000011",="239600","HST"
="003749",="622204432448","ATM NDC (02)","STAND IN","Financial Transaction Request","Authentication Request ","Approved","507656XXXXXX5032","08/10/2026 06:40:11","08/10/2026 04:40:11","0.00 MGA",="00000088",="0000000011",="066934","HST"
="003748",="622204432447","ATM NDC (02)","HOST_SPM (08)","Financial Transaction Request","WITHDRAWAL","Approved","507656XXXXXX5032","08/10/2026 06:39:33","08/10/2026 04:39:33","200,000.00 MGA",="00000088",="0000000011",="253918","HST"
="003746",="622204432445","ATM NDC (02)","STAND IN","Financial Transaction Request","Authentication Request ","Approved","507656XXXXXX5032","08/10/2026 06:39:23","08/10/2026 04:39:23","0.00 MGA",="00000088",="0000000011",="048701","HST"
="007072",="622204284376","ATM NDC (02)","HOST_SPM (08)","Financial Transaction Request","WITHDRAWAL","Approved","507656XXXXXX7382","08/10/2026 06:29:30","08/10/2026 04:29:30","15,000.00 MGA",="00000081",="0000000004",="723315","HST"
="007070",="622204284374","ATM NDC (02)","HOST_SPM (08)","Financial Transaction Request","Balance Inquiry ","Approved","507656XXXXXX7382","08/10/2026 06:28:54","08/10/2026 04:28:54","0.00 MGA",="00000081",="0000000004",="232780","HST"
="007068",="622204284372","ATM NDC (02)","STAND IN","Financial Transaction Request","Authentication Request ","Approved","507656XXXXXX7382","08/10/2026 06:28:49","08/10/2026 04:28:49","0.00 MGA",="00000081",="0000000004",="087986","HST"
="003222",="622204258399","ATM NDC (02)","STAND IN","Financial Transaction Request","Authentication Request ","Approved","507656XXXXXX9902","08/10/2026 06:19:19","08/10/2026 04:19:19","0.00 MGA",="00000096",="0000000018",="022111","HST"
="003221",="622204258398","ATM NDC (02)","HOST_SPM (08)","Financial Transaction Request","WITHDRAWAL","Approved","507656XXXXXX3828","08/10/2026 06:01:11","08/10/2026 04:01:11","100,000.00 MGA",="00000096",="0000000018",="881616","HST"
="003219",="622204258396","ATM NDC (02)","HOST_SPM (08)","Financial Transaction Request","Balance Inquiry ","Approved","507656XXXXXX3828","08/10/2026 06:00:51","08/10/2026 04:00:51","0.00 MGA",="00000096",="0000000018",="215950","HST"
="003217",="622204258394","ATM NDC (02)","STAND IN","Financial Transaction Request","Authentication Request ","Approved","507656XXXXXX3828","08/10/2026 06:00:44","08/10/2026 04:00:44","0.00 MGA",="00000096",="0000000018",="093292","HST"
="007067",="622203284371","ATM NDC (02)","HOST_SPM (08)","Financial Transaction Request","WITHDRAWAL","Approved","507656XXXXXX8387","08/10/2026 05:39:39","08/10/2026 03:39:39","20,000.00 MGA",="00000081",="0000000004",="580325","HST"
="007065",="622203284369","ATM NDC (02)","STAND IN","Financial Transaction Request","Authentication Request ","Approved","507656XXXXXX8387","08/10/2026 05:39:33","08/10/2026 03:39:33","0.00 MGA",="00000081",="0000000004",="066881","HST"
="003216",="622121952215","ATM NDC (02)","HOST_SPM (08)","Financial Transaction Request","WITHDRAWAL","Rejected","507656XXXXXX2169","08/09/2026 23:31:19","08/09/2026 21:31:20","10,000.00 MGA",="00000096",="0000000018","","HST"
="003214",="622121952213","ATM NDC (02)","STAND IN","Financial Transaction Request","Authentication Request ","Approved","507656XXXXXX2169","08/09/2026 23:31:14","08/09/2026 21:31:14","0.00 MGA",="00000096",="0000000018",="013218","HST"
="003213",="622121952212","ATM NDC (02)","HOST_SPM (08)","Financial Transaction Request","WITHDRAWAL","Rejected","507656XXXXXX2169","08/09/2026 23:30:47","08/09/2026 21:30:47","20,000.00 MGA",="00000096",="0000000018","","HST"
="003211",="622121952210","ATM NDC (02)","STAND IN","Financial Transaction Request","Authentication Request ","Approved","507656XXXXXX2169","08/09/2026 23:30:38","08/09/2026 21:30:38","0.00 MGA",="00000096",="0000000018",="089148","HST"
="003210",="622121952209","ATM NDC (02)","HOST_SPM (08)","Financial Transaction Request","WITHDRAWAL","Rejected","507656XXXXXX2169","08/09/2026 23:30:06","08/09/2026 21:30:06","20,000.00 MGA",="00000096",="0000000018","","HST"
="003208",="622121952207","ATM NDC (02)","STAND IN","Financial Transaction Request","Authentication Request ","Approved","507656XXXXXX2169","08/09/2026 23:29:58","08/09/2026 21:29:58","0.00 MGA",="00000096",="0000000018",="035183","HST"
="003207",="622119952206","ATM NDC (02)","HOST_SPM (08)","Financial Transaction Request","WITHDRAWAL","Approved","507656XXXXXX9795","08/09/2026 21:12:30","08/09/2026 19:12:30","100,000.00 MGA",="00000096",="0000000018",="616295","HST"
="003205",="622119952204","ATM NDC (02)","STAND IN","Financial Transaction Request","Authentication Request ","Approved","507656XXXXXX9795","08/09/2026 21:12:23","08/09/2026 19:12:23","0.00 MGA",="00000096",="0000000018",="077201","HST"
="008658",="622118348726","ATM NDC (02)","HOST_SPM (08)","Financial Transaction Request","Balance Inquiry ","Approved","507656XXXXXX4332","08/09/2026 20:45:08","08/09/2026 18:45:08","0.00 MGA",="00000089",="0000000012",="746520","HST"
="008656",="622118348724","ATM NDC (02)","STAND IN","Financial Transaction Request","Authentication Request ","Approved","507656XXXXXX4332","08/09/2026 20:45:02","08/09/2026 18:45:02","0.00 MGA",="00000089",="0000000012",="049729","HST"
="007143",="622118415516","ATM NDC (02)","HOST_SPM (08)","Financial Transaction Request","Balance Inquiry ","Approved","507656XXXXXX7861","08/09/2026 20:34:49","08/09/2026 18:34:49","0.00 MGA",="00000091",="0000000014",="740340","HST"
="007141",="622118415514","ATM NDC (02)","STAND IN","Financial Transaction Request","Authentication Request ","Approved","507656XXXXXX7861","08/09/2026 20:34:44","08/09/2026 18:34:44","0.00 MGA",="00000091",="0000000014",="079404","HST"
="007139",="622118415513","ATM NDC (02)","HOST_SPM (08)","Financial Transaction Request","Balance Inquiry ","Approved","507656XXXXXX7861","08/09/2026 20:34:06","08/09/2026 18:34:06","0.00 MGA",="00000091",="0000000014",="739920","HST"
="007137",="622118415511","ATM NDC (02)","STAND IN","Financial Transaction Request","Authentication Request ","Approved","507656XXXXXX7861","08/09/2026 20:33:58","08/09/2026 18:33:59","0.00 MGA",="00000091",="0000000014",="031975","HST"
="006373",="622117260488","ATM NDC (02)","HOST_SPM (08)","Financial Transaction Request","WITHDRAWAL","Approved","507656XXXXXX8473","08/09/2026 19:12:59","08/09/2026 17:12:59","30,000.00 MGA",="00000107",="0000000026",="509124","HST"
="006371",="622117260486","ATM NDC (02)","HOST_SPM (08)","Financial Transaction Request","Balance Inquiry ","Approved","507656XXXXXX8473","08/09/2026 19:12:41","08/09/2026 17:12:41","0.00 MGA",="00000107",="0000000026",="691050","HST"
="006369",="622117260484","ATM NDC (02)","STAND IN","Financial Transaction Request","Authentication Request ","Approved","507656XXXXXX8473","08/09/2026 19:12:32","08/09/2026 17:12:32","0.00 MGA",="00000107",="0000000026",="025788","HST"
="007955",="622117258393","ATM NDC (02)","HOST_SPM (08)","Financial Transaction Request","WITHDRAWAL","Approved","507656XXXXXX4763","08/09/2026 19:11:10","08/09/2026 17:11:10","20,000.00 MGA",="00000094",="0000000017",="729015","HST"
="007953",="622117258391","ATM NDC (02)","HOST_SPM (08)","Financial Transaction Request","Balance Inquiry ","Approved","507656XXXXXX4763","08/09/2026 19:10:40","08/09/2026 17:10:41","0.00 MGA",="00000094",="0000000017",="689850","HST"
="007951",="622117258389","ATM NDC (02)","STAND IN","Financial Transaction Request","Authentication Request ","Approved","507656XXXXXX4763","08/09/2026 19:10:34","08/09/2026 17:10:34","0.00 MGA",="00000094",="0000000017",="027750","HST"
="002309",="622116261538","ATM NDC (02)","HOST_SPM (08)","Financial Transaction Request","WITHDRAWAL","Approved","507656XXXXXX4653","08/09/2026 18:59:43","08/09/2026 16:59:43","80,000.00 MGA",="00000103",="0000000023",="528328","HST"
="002307",="622116261536","ATM NDC (02)","HOST_SPM (08)","Financial Transaction Request","Balance Inquiry ","Approved","507656XXXXXX4653","08/09/2026 18:59:24","08/09/2026 16:59:24","0.00 MGA",="00000103",="0000000023",="683090","HST"
="002305",="622116261534","ATM NDC (02)","STAND IN","Financial Transaction Request","Authentication Request ","Approved","507656XXXXXX4653","08/09/2026 18:59:19","08/09/2026 16:59:19","0.00 MGA",="00000103",="0000000023",="048440","HST"
="001332",="622116073384","ATM NDC (02)","HOST_SPM (08)","Financial Transaction Request","WITHDRAWAL","Approved","507656XXXXXX0076","08/09/2026 18:55:18","08/09/2026 16:55:19","10,000.00 MGA",="00000099",="0000000034",="218064","HST"
="001330",="622116073382","ATM NDC (02)","HOST_SPM (08)","Financial Transaction Request","Balance Inquiry ","Approved","507656XXXXXX0076","08/09/2026 18:55:05","08/09/2026 16:55:05","0.00 MGA",="00000099",="0000000034",="680520","HST"
="001328",="622116073380","ATM NDC (02)","STAND IN","Financial Transaction Request","Authentication Request ","Approved","507656XXXXXX0076","08/09/2026 18:55:01","08/09/2026 16:55:01","0.00 MGA",="00000099",="0000000034",="004506","HST"
="008881",="622116707077","ATM NDC (02)","HOST_SPM (08)","Financial Transaction Request","WITHDRAWAL","Approved","507656XXXXXX3142","08/09/2026 18:51:12","08/09/2026 16:51:12","40,000.00 MGA",="00000108",="0000000027",="887818","HST"
="008879",="622116707075","ATM NDC (02)","STAND IN","Financial Transaction Request","Authentication Request ","Approved","507656XXXXXX3142","08/09/2026 18:50:50","08/09/2026 16:50:50","0.00 MGA",="00000108",="0000000027",="035127","HST"
="001204",="622116246200","ATM NDC (02)","HOST_SPM (08)","Financial Transaction Request","WITHDRAWAL","Approved","507656XXXXXX9032","08/09/2026 18:32:07","08/09/2026 16:32:07","5,000.00 MGA",="00000084",="0000000007",="816672","HST"
="001202",="622116246198","ATM NDC (02)","STAND IN","Financial Transaction Request","Authentication Request ","Approved","507656XXXXXX9032","08/09/2026 18:31:32","08/09/2026 16:31:32","0.00 MGA",="00000084",="0000000007",="007079","HST"
="005813",="622116454260","ATM NDC (02)","HOST_SPM (08)","Financial Transaction Request","WITHDRAWAL","Approved","507656XXXXXX7204","08/09/2026 18:28:52","08/09/2026 16:28:52","20,000.00 MGA",="00000102",="0000000022",="416478","HST"
="005811",="622116454258","ATM NDC (02)","HOST_SPM (08)","Financial Transaction Request","Balance Inquiry ","Approved","507656XXXXXX7204","08/09/2026 18:28:28","08/09/2026 16:28:28","0.00 MGA",="00000102",="0000000022",="664530","HST"
="005809",="622116454256","ATM NDC (02)","STAND IN","Financial Transaction Request","Authentication Request ","Approved","507656XXXXXX7204","08/09/2026 18:28:21","08/09/2026 16:28:22","0.00 MGA",="00000102",="0000000022",="057344","HST"
="001159",="622116511217","ATM NDC (02)","HOST_SPM (08)","Financial Transaction Request","WITHDRAWAL","Rejected","507656XXXXXX9246","08/09/2026 18:16:28","08/09/2026 16:16:28","5,000.00 MGA",="00000092",="0000000015","","HST"
="001157",="622116511215","ATM NDC (02)","HOST_SPM (08)","Financial Transaction Request","Balance Inquiry ","Approved","507656XXXXXX9246","08/09/2026 18:16:05","08/09/2026 16:16:05","0.00 MGA",="00000092",="0000000015",="657100","HST"
="001155",="622116511213","ATM NDC (02)","STAND IN","Financial Transaction Request","Authentication Request ","Approved","507656XXXXXX9246","08/09/2026 18:16:00","08/09/2026 16:16:00","0.00 MGA",="00000092",="0000000015",="043545","HST"
="003204",="622116952203","ATM NDC (02)","HOST_SPM (08)","Financial Transaction Request","WITHDRAWAL","Approved","507656XXXXXX0086","08/09/2026 18:15:07","08/09/2026 16:15:07","50,000.00 MGA",="00000096",="0000000018",="465653","HST"
="003202",="622116952201","ATM NDC (02)","STAND IN","Financial Transaction Request","Authentication Request ","Approved","507656XXXXXX0086","08/09/2026 18:14:54","08/09/2026 16:14:54","0.00 MGA",="00000096",="0000000018",="044822","HST"
="005843",="622116099162","ATM NDC (02)","HOST_SPM (08)","Financial Transaction Request","WITHDRAWAL","Approved","507656XXXXXX2337","08/09/2026 18:01:22","08/09/2026 16:01:22","60,000.00 MGA",="00000090",="0000000013",="444828","HST"
="005841",="622116099160","ATM NDC (02)","STAND IN","Financial Transaction Request","Authentication Request ","Approved","507656XXXXXX2337","08/09/2026 18:01:04","08/09/2026 16:01:04","0.00 MGA",="00000090",="0000000013",="037516","HST"
="002581",="622115448225","ATM NDC (02)","HOST_SPM (08)","Financial Transaction Request","WITHDRAWAL","Approved","507656XXXXXX3978","08/09/2026 17:57:32","08/09/2026 15:57:33","100,000.00 MGA",="00000087",="0000000010",="164598","HST"
="002579",="622115448223","ATM NDC (02)","HOST_SPM (08)","Financial Transaction Request","Balance Inquiry ","Approved","507656XXXXXX3978","08/09/2026 17:57:24","08/09/2026 15:57:24","0.00 MGA",="00000087",="0000000010",="645890","HST"
="002577",="622115448221","ATM NDC (02)","STAND IN","Financial Transaction Request","Authentication Request ","Approved","507656XXXXXX3978","08/09/2026 17:57:21","08/09/2026 15:57:21","0.00 MGA",="00000087",="0000000010",="045460","HST"
="006002",="622115707400","ATM NDC (02)","HOST_SPM (08)","Financial Transaction Request","WITHDRAWAL","Approved","507656XXXXXX9479","08/09/2026 17:49:53","08/09/2026 15:49:53","100,000.00 MGA",="00000082",="0000000005",="414138","HST"
="006000",="622115707398","ATM NDC (02)","STAND IN","Financial Transaction Request","Authentication Request ","Approved","507656XXXXXX9479","08/09/2026 17:49:46","08/09/2026 15:49:46","0.00 MGA",="00000082",="0000000005",="066819","HST"
="002970",="622115783441","ATM NDC (02)","HOST_SPM (08)","Financial Transaction Request","WITHDRAWAL","Approved","507656XXXXXX5907","08/09/2026 17:15:18","08/09/2026 15:15:18","5,000.00 MGA",="00000109",="0000000028",="252064","HST"
="002968",="622115783439","ATM NDC (02)","HOST_SPM (08)","Financial Transaction Request","Balance Inquiry ","Approved","507656XXXXXX5907","08/09/2026 17:15:04","08/09/2026 15:15:04","0.00 MGA",="00000109",="0000000028",="620490","HST"
="002966",="622115783437","ATM NDC (02)","STAND IN","Financial Transaction Request","Authentication Request ","Approved","507656XXXXXX5907","08/09/2026 17:15:00","08/09/2026 15:15:00","0.00 MGA",="00000109",="0000000028",="082676","HST"
="003201",="622115952200","ATM NDC (02)","HOST_SPM (08)","Financial Transaction Request","WITHDRAWAL","Approved","507656XXXXXX4111","08/09/2026 17:04:33","08/09/2026 15:04:33","100,000.00 MGA",="00000096",="0000000018",="581419","HST"
="003199",="622115952198","ATM NDC (02)","STAND IN","Financial Transaction Request","Authentication Request ","Approved","507656XXXXXX4111","08/09/2026 17:04:24","08/09/2026 15:04:24","0.00 MGA",="00000096",="0000000018",="002383","HST"
="003198",="622115952197","ATM NDC (02)","HOST_SPM (08)","Financial Transaction Request","WITHDRAWAL","Approved","507656XXXXXX4111","08/09/2026 17:03:24","08/09/2026 15:03:24","400,000.00 MGA",="00000096",="0000000018",="411350","HST"
="003196",="622115952195","ATM NDC (02)","STAND IN","Financial Transaction Request","Authentication Request ","Approved","507656XXXXXX4111","08/09/2026 17:03:04","08/09/2026 15:03:04","0.00 MGA",="00000096",="0000000018",="076189","HST"
="008877",="622114707074","ATM NDC (02)","HOST_SPM (08)","Financial Transaction Request","Balance Inquiry ","Approved","507656XXXXXX5357","08/09/2026 16:53:27","08/09/2026 14:53:27","0.00 MGA",="00000108",="0000000027",="607520","HST"
="008875",="622114707072","ATM NDC (02)","STAND IN","Financial Transaction Request","Authentication Request ","Approved","507656XXXXXX5357","08/09/2026 16:53:21","08/09/2026 14:53:21","0.00 MGA",="00000108",="0000000027",="062608","HST"
="008874",="622114707071","ATM NDC (02)","HOST_SPM (08)","Financial Transaction Request","WITHDRAWAL","Approved","507656XXXXXX5357","08/09/2026 16:52:40","08/09/2026 14:52:40","45,000.00 MGA",="00000108",="0000000027",="170705","HST"
="008872",="622114707069","ATM NDC (02)","STAND IN","Financial Transaction Request","Authentication Request ","Approved","507656XXXXXX5357","08/09/2026 16:52:25","08/09/2026 14:52:25","0.00 MGA",="00000108",="0000000027",="083072","HST"
="007950",="622114258388","ATM NDC (02)","HOST_SPM (08)","Financial Transaction Request","WITHDRAWAL","Approved","507656XXXXXX8439","08/09/2026 16:49:25","08/09/2026 14:49:26","50,000.00 MGA",="00000094",="0000000017",="460511","HST"
="001327",="622114073379","ATM NDC (02)","HOST_SPM (08)","Financial Transaction Request","WITHDRAWAL","Approved","507656XXXXXX8545","08/09/2026 16:49:18","08/09/2026 14:49:18","300,000.00 MGA",="00000099",="0000000034",="860503","HST"
="007948",="622114258386","ATM NDC (02)","STAND IN","Financial Transaction Request","Authentication Request ","Approved","507656XXXXXX8439","08/09/2026 16:49:15","08/09/2026 14:49:15","0.00 MGA",="00000094",="0000000017",="033417","HST"
="001325",="622114073377","ATM NDC (02)","HOST_SPM (08)","Financial Transaction Request","Balance Inquiry ","Approved","507656XXXXXX8545","08/09/2026 16:48:59","08/09/2026 14:48:59","0.00 MGA",="00000099",="0000000034",="604840","HST"
="001323",="622114073375","ATM NDC (02)","STAND IN","Financial Transaction Request","Authentication Request ","Approved","507656XXXXXX8545","08/09/2026 16:48:54","08/09/2026 14:48:55","0.00 MGA",="00000099",="0000000034",="042789","HST"
="002575",="622114448219","ATM NDC (02)","HOST_SPM (08)","Financial Transaction Request","WITHDRAWAL","Approved","507656XXXXXX3635","08/09/2026 16:25:56","08/09/2026 14:25:56","300,000.00 MGA",="00000087",="0000000010",="729102","HST"
="002573",="622114448217","ATM NDC (02)","HOST_SPM (08)","Financial Transaction Request","Balance Inquiry ","Approved","507656XXXXXX3635","08/09/2026 16:25:24","08/09/2026 14:25:24","0.00 MGA",="00000087",="0000000010",="590690","HST"
="002571",="622114448215","ATM NDC (02)","STAND IN","Financial Transaction Request","Authentication Request ","Approved","507656XXXXXX3635","08/09/2026 16:25:19","08/09/2026 14:25:19","0.00 MGA",="00000087",="0000000010",="098531","HST"
="007064",="622113284368","ATM NDC (02)","HOST_SPM (08)","Financial Transaction Request","WITHDRAWAL","Approved","507656XXXXXX7708","08/09/2026 15:51:52","08/09/2026 13:51:52","50,000.00 MGA",="00000081",="0000000004",="957058","HST"
="007062",="622113284366","ATM NDC (02)","HOST_SPM (08)","Financial Transaction Request","Balance Inquiry ","Approved","507656XXXXXX7708","08/09/2026 15:51:06","08/09/2026 13:51:06","0.00 MGA",="00000081",="0000000004",="570110","HST"
="007060",="622113284364","ATM NDC (02)","STAND IN","Financial Transaction Request","Authentication Request ","Approved","507656XXXXXX7708","08/09/2026 15:51:01","08/09/2026 13:51:01","0.00 MGA",="00000081",="0000000004",="071095","HST"
="003195",="622113952194","ATM NDC (02)","HOST_SPM (08)","Financial Transaction Request","WITHDRAWAL","Approved","507656XXXXXX5322","08/09/2026 15:40:10","08/09/2026 13:40:10","40,000.00 MGA",="00000096",="0000000018",="816356","HST"
="003193",="622113952192","ATM NDC (02)","STAND IN","Financial Transaction Request","Authentication Request ","Approved","507656XXXXXX5322","08/09/2026 15:39:52","08/09/2026 13:39:52","0.00 MGA",="00000096",="0000000018",="091580","HST"
="003190",="622113952189","ATM NDC (02)","HOST_SPM (08)","Financial Transaction Request","Balance Inquiry ","Approved","507656XXXXXX5322","08/09/2026 15:38:26","08/09/2026 13:38:26","0.00 MGA",="00000096",="0000000018",="562510","HST"
="003188",="622113952187","ATM NDC (02)","STAND IN","Financial Transaction Request","Authentication Request ","Approved","507656XXXXXX5322","08/09/2026 15:38:21","08/09/2026 13:38:21","0.00 MGA",="00000096",="0000000018",="052410","HST"
="003187",="622113952186","ATM NDC (02)","HOST_SPM (08)","Financial Transaction Request","WITHDRAWAL","Approved","507656XXXXXX1596","08/09/2026 15:15:05","08/09/2026 13:15:05","400,000.00 MGA",="00000096",="0000000018",="464851","HST"
="003185",="622113952184","ATM NDC (02)","STAND IN","Financial Transaction Request","Authentication Request ","Approved","507656XXXXXX1596","08/09/2026 15:14:59","08/09/2026 13:14:59","0.00 MGA",="00000096",="0000000018",="082511","HST"
="001608",="622112248067","ATM NDC (02)","HOST_SPM (08)","Financial Transaction Request","WITHDRAWAL","Approved","507656XXXXXX2781","08/09/2026 14:54:25","08/09/2026 12:54:25","20,000.00 MGA",="00000083",="0000000006",="163611","HST"
="001606",="622112248065","ATM NDC (02)","STAND IN","Financial Transaction Request","Authentication Request ","Approved","507656XXXXXX2781","08/09/2026 14:54:10","08/09/2026 12:54:10","0.00 MGA",="00000083",="0000000006",="062369","HST"
="001605",="622112248064","ATM NDC (02)","HOST_SPM (08)","Financial Transaction Request","WITHDRAWAL","Issuer not available","507656XXXXXX2781","08/09/2026 14:51:39","08/09/2026 12:51:39","20,000.00 MGA",="00000083",="0000000006","","HST"
="001603",="622112248062","ATM NDC (02)","STAND IN","Financial Transaction Request","Authentication Request ","Approved","507656XXXXXX2781","08/09/2026 14:51:30","08/09/2026 12:51:30","0.00 MGA",="00000083",="0000000006",="001149","HST"
="001602",="622112248061","ATM NDC (02)","HOST_SPM (08)","Financial Transaction Request","WITHDRAWAL","Approved","507656XXXXXX2781","08/09/2026 14:50:11","08/09/2026 12:50:11","20,000.00 MGA",="00000083",="0000000006",="413356","HST"
="001600",="622112248059","ATM NDC (02)","STAND IN","Financial Transaction Request","Authentication Request ","Approved","507656XXXXXX2781","08/09/2026 14:49:57","08/09/2026 12:49:57","0.00 MGA",="00000083",="0000000006",="056218","HST"
="001599",="622112248058","ATM NDC (02)","HOST_SPM (08)","Financial Transaction Request","WITHDRAWAL","Approved","507656XXXXXX2781","08/09/2026 14:48:33","08/09/2026 12:48:33","600,000.00 MGA",="00000083",="0000000006",="043258","HST"
="001597",="622112248056","ATM NDC (02)","STAND IN","Financial Transaction Request","Authentication Request ","Approved","507656XXXXXX2781","08/09/2026 14:48:10","08/09/2026 12:48:10","0.00 MGA",="00000083",="0000000006",="008502","HST"
="002569",="622112448213","ATM NDC (02)","HOST_SPM (08)","Financial Transaction Request","WITHDRAWAL","Approved","507656XXXXXX4126","08/09/2026 14:48:09","08/09/2026 12:48:09","25,000.00 MGA",="00000087",="0000000010",="523235","HST"
="002567",="622112448211","ATM NDC (02)","STAND IN","Financial Transaction Request","Authentication Request ","Approved","507656XXXXXX4126","08/09/2026 14:47:31","08/09/2026 12:47:32","0.00 MGA",="00000087",="0000000010",="031091","HST"
="006368",="622112260483","ATM NDC (02)","HOST_SPM (08)","Financial Transaction Request","WITHDRAWAL","Approved","507656XXXXXX1799","08/09/2026 14:45:44","08/09/2026 12:45:44","400,000.00 MGA",="00000107",="0000000026",="173090","HST"
="006366",="622112260481","ATM NDC (02)","STAND IN","Financial Transaction Request","Authentication Request ","Approved","507656XXXXXX1799","08/09/2026 14:45:38","08/09/2026 12:45:38","0.00 MGA",="00000107",="0000000026",="015755","HST"
="006365",="622112260480","ATM NDC (02)","HOST_SPM (08)","Financial Transaction Request","WITHDRAWAL","Approved","507656XXXXXX1799","08/09/2026 14:44:57","08/09/2026 12:44:57","800,000.00 MGA",="00000107",="0000000026",="813042","HST"
="006363",="622112260478","ATM NDC (02)","STAND IN","Financial Transaction Request","Authentication Request ","Approved","507656XXXXXX1799","08/09/2026 14:44:51","08/09/2026 12:44:52","0.00 MGA",="00000107",="0000000026",="026313","HST"
="000213",="622112647416","ATM NDC (02)","HOST_SPM (08)","Financial Transaction Request","WITHDRAWAL","Approved","507656XXXXXX6319","08/09/2026 14:43:42","08/09/2026 12:43:42","25,000.00 MGA",="00000093",="0000000016",="212968","HST"
="000211",="622112647414","ATM NDC (02)","STAND IN","Financial Transaction Request","Authentication Request ","Approved","507656XXXXXX6319","08/09/2026 14:43:32","08/09/2026 12:43:32","0.00 MGA",="00000093",="0000000016",="022935","HST"
="000210",="622112647413","ATM NDC (02)","HOST_SPM (08)","Financial Transaction Request","WITHDRAWAL","Approved","507656XXXXXX4617","08/09/2026 14:31:47","08/09/2026 12:31:47","20,000.00 MGA",="00000093",="0000000016",="952253","HST"
="000208",="622112647411","ATM NDC (02)","STAND IN","Financial Transaction Request","Authentication Request ","Approved","507656XXXXXX4617","08/09/2026 14:31:39","08/09/2026 12:31:39","0.00 MGA",="00000093",="0000000016",="052996","HST"
="001201",="622112246197","ATM NDC (02)","HOST_SPM (08)","Financial Transaction Request","WITHDRAWAL","Approved","507656XXXXXX6149","08/09/2026 14:24:57","08/09/2026 12:24:57","400,000.00 MGA",="00000084",="0000000007",="501842","HST"
="001199",="622112246195","ATM NDC (02)","HOST_SPM (08)","Financial Transaction Request","Short statement request","Approved","507656XXXXXX6149","08/09/2026 14:24:13","08/09/2026 12:24:13","0.00 MGA",="00000084",="0000000007",="517980","HST"
="001197",="622112246193","ATM NDC (02)","STAND IN","Financial Transaction Request","Authentication Request ","Approved","507656XXXXXX6149","08/09/2026 14:24:08","08/09/2026 12:24:08","0.00 MGA",="00000084",="0000000007",="075713","HST"
="001195",="622112246190","ATM NDC (02)","HOST_SPM (08)","Reversal Advice","WITHDRAWAL","Reversal accepted","507656XXXXXX6149","08/09/2026 14:22:12","08/09/2026 12:23:19","400,000.00 MGA",="00000084",="0000000007","","HST"
="001195",="622112246190","ATM NDC (02)","HOST_SPM (08)","Financial Transaction Request","WITHDRAWAL","Canceled","507656XXXXXX6149","08/09/2026 14:22:12","08/09/2026 12:22:12","400,000.00 MGA",="00000084",="0000000007",="811678","HST"
="001193",="622112246188","ATM NDC (02)","STAND IN","Financial Transaction Request","Authentication Request ","Approved","507656XXXXXX6149","08/09/2026 14:22:03","08/09/2026 12:22:03","0.00 MGA",="00000084",="0000000007",="013236","HST"
="003069",="622112570986","ATM NDC (02)","HOST_SPM (08)","Financial Transaction Request","WITHDRAWAL","Approved","507656XXXXXX0050","08/09/2026 14:13:29","08/09/2026 12:13:29","40,000.00 MGA",="00000100",="0000000021",="521154","HST"
="003067",="622112570984","ATM NDC (02)","STAND IN","Financial Transaction Request","Authentication Request ","Approved","507656XXXXXX0050","08/09/2026 14:13:05","08/09/2026 12:13:05","0.00 MGA",="00000100",="0000000021",="080996","HST"
="007059",="622112284363","ATM NDC (02)","HOST_SPM (08)","Financial Transaction Request","WITHDRAWAL","Approved","507656XXXXXX3787","08/09/2026 14:01:46","08/09/2026 12:01:46","200,000.00 MGA",="00000081",="0000000004",="460451","HST"
="007057",="622112284361","ATM NDC (02)","STAND IN","Financial Transaction Request","Authentication Request ","Approved","507656XXXXXX3787","08/09/2026 14:01:41","08/09/2026 12:01:41","0.00 MGA",="00000081",="0000000004",="005148","HST"
="007056",="622112284360","ATM NDC (02)","HOST_SPM (08)","Financial Transaction Request","WITHDRAWAL","Approved","507656XXXXXX3787","08/09/2026 14:01:02","08/09/2026 12:01:02","400,000.00 MGA",="00000081",="0000000004",="860408","HST"
="007054",="622112284358","ATM NDC (02)","STAND IN","Financial Transaction Request","Authentication Request ","Approved","507656XXXXXX3787","08/09/2026 14:00:57","08/09/2026 12:00:57","0.00 MGA",="00000081",="0000000004",="038363","HST"
="002565",="622111448209","ATM NDC (02)","HOST_SPM (08)","Financial Transaction Request","WITHDRAWAL","Approved","507656XXXXXX5738","08/09/2026 13:54:34","08/09/2026 11:54:34","800,000.00 MGA",="00000087",="0000000010",="950019","HST"
="002563",="622111448207","ATM NDC (02)","STAND IN","Financial Transaction Request","Authentication Request ","Approved","507656XXXXXX5738","08/09/2026 13:54:26","08/09/2026 11:54:26","0.00 MGA",="00000087",="0000000010",="072716","HST"
="002562",="622111448206","ATM NDC (02)","STAND IN","Financial Transaction Request","Authentication Request ","Incorrect PIN","507656XXXXXX5738","08/09/2026 13:54:22","08/09/2026 11:54:22","0.00 MGA",="00000087",="0000000010","","HST"
="001525",="622111543434","ATM NDC (02)","HOST_SPM (08)","Financial Transaction Request","WITHDRAWAL","Approved","507656XXXXXX6887","08/09/2026 13:53:54","08/09/2026 11:53:54","40,000.00 MGA",="00000105",="0000000024",="449980","HST"
="001523",="622111543432","ATM NDC (02)","STAND IN","Financial Transaction Request","Authentication Request ","Approved","507656XXXXXX6887","08/09/2026 13:53:45","08/09/2026 11:53:45","0.00 MGA",="00000105",="0000000024",="027700","HST"
="002560",="622111448204","ATM NDC (02)","HOST_SPM (08)","Financial Transaction Request","WITHDRAWAL","Approved","507656XXXXXX5738","08/09/2026 13:53:22","08/09/2026 11:53:22","400,000.00 MGA",="00000087",="0000000010",="509948","HST"
="002558",="622111448202","ATM NDC (02)","STAND IN","Financial Transaction Request","Authentication Request ","Approved","507656XXXXXX5738","08/09/2026 13:53:15","08/09/2026 11:53:15","0.00 MGA",="00000087",="0000000010",="059149","HST"
="001154",="622111511212","ATM NDC (02)","HOST_SPM (08)","Financial Transaction Request","WITHDRAWAL","Approved","507656XXXXXX0450","08/09/2026 13:40:39","08/09/2026 11:40:39","300,000.00 MGA",="00000092",="0000000015",="419185","HST"
="001152",="622111511210","ATM NDC (02)","STAND IN","Financial Transaction Request","Authentication Request ","Approved","507656XXXXXX0450","08/09/2026 13:40:27","08/09/2026 11:40:27","0.00 MGA",="00000092",="0000000015",="000050","HST"
="001151",="622111511209","ATM NDC (02)","HOST_SPM (08)","Financial Transaction Request","WITHDRAWAL","Approved","507656XXXXXX3388","08/09/2026 13:39:29","08/09/2026 11:39:29","200,000.00 MGA",="00000092",="0000000015",="249115","HST"
="001149",="622111511207","ATM NDC (02)","STAND IN","Financial Transaction Request","Authentication Request ","Approved","507656XXXXXX3388","08/09/2026 13:39:23","08/09/2026 11:39:23","0.00 MGA",="00000092",="0000000015",="087630","HST"
="005839",="622111099159","ATM NDC (02)","HOST_SPM (08)","Financial Transaction Request","Balance Inquiry ","Approved","507656XXXXXX9905","08/09/2026 13:27:54","08/09/2026 11:27:54","0.00 MGA",="00000090",="0000000013",="484190","HST"
="005837",="622111099157","ATM NDC (02)","STAND IN","Financial Transaction Request","Authentication Request ","Approved","507656XXXXXX9905","08/09/2026 13:27:49","08/09/2026 11:27:49","0.00 MGA",="00000090",="0000000013",="021778","HST"
="005836",="622111099156","ATM NDC (02)","HOST_SPM (08)","Financial Transaction Request","WITHDRAWAL","Approved","507656XXXXXX9905","08/09/2026 13:27:13","08/09/2026 11:27:13","20,000.00 MGA",="00000090",="0000000013",="468379","HST"
="005834",="622111099154","ATM NDC (02)","HOST_SPM (08)","Financial Transaction Request","Balance Inquiry ","Approved","507656XXXXXX9905","08/09/2026 13:27:03","08/09/2026 11:27:03","0.00 MGA",="00000090",="0000000013",="483680","HST"
="005832",="622111099152","ATM NDC (02)","STAND IN","Financial Transaction Request","Authentication Request ","Approved","507656XXXXXX9905","08/09/2026 13:26:58","08/09/2026 11:26:58","0.00 MGA",="00000090",="0000000013",="071024","HST"
="003745",="622111432444","ATM NDC (02)","HOST_SPM (08)","Financial Transaction Request","WITHDRAWAL","Approved","507656XXXXXX3082","08/09/2026 13:24:43","08/09/2026 11:24:43","40,000.00 MGA",="00000088",="0000000011",="888229","HST"
="003743",="622111432442","ATM NDC (02)","STAND IN","Financial Transaction Request","Authentication Request ","Approved","507656XXXXXX3082","08/09/2026 13:24:32","08/09/2026 11:24:32","0.00 MGA",="00000088",="0000000011",="058737","HST"
="003742",="622111432441","ATM NDC (02)","HOST_SPM (08)","Financial Transaction Request","WITHDRAWAL","Approved","507656XXXXXX3082","08/09/2026 13:23:57","08/09/2026 11:23:57","200,000.00 MGA",="00000088",="0000000011",="258183","HST"
="003740",="622111432439","ATM NDC (02)","STAND IN","Financial Transaction Request","Authentication Request ","Approved","507656XXXXXX3082","08/09/2026 13:23:50","08/09/2026 11:23:51","0.00 MGA",="00000088",="0000000011",="012609","HST"
="003739",="622111432438","ATM NDC (02)","HOST_SPM (08)","Financial Transaction Request","WITHDRAWAL","Approved","507656XXXXXX3082","08/09/2026 13:23:14","08/09/2026 11:23:14","200,000.00 MGA",="00000088",="0000000011",="958139","HST"
="003737",="622111432436","ATM NDC (02)","STAND IN","Financial Transaction Request","Authentication Request ","Approved","507656XXXXXX3082","08/09/2026 13:23:08","08/09/2026 11:23:08","0.00 MGA",="00000088",="0000000011",="083587","HST"
="003736",="622111432435","ATM NDC (02)","HOST_SPM (08)","Financial Transaction Request","WITHDRAWAL","Approved","507656XXXXXX3082","08/09/2026 13:22:32","08/09/2026 11:22:32","200,000.00 MGA",="00000088",="0000000011",="448098","HST"
="003734",="622111432433","ATM NDC (02)","STAND IN","Financial Transaction Request","Authentication Request ","Approved","507656XXXXXX3082","08/09/2026 13:22:26","08/09/2026 11:22:26","0.00 MGA",="00000088",="0000000011",="058946","HST"
="006362",="622111260477","ATM NDC (02)","HOST_SPM (08)","Financial Transaction Request","WITHDRAWAL","Approved","507656XXXXXX1056","08/09/2026 13:13:05","08/09/2026 11:13:05","30,000.00 MGA",="00000107",="0000000026",="587530","HST"
="006360",="622111260475","ATM NDC (02)","STAND IN","Financial Transaction Request","Authentication Request ","Approved","507656XXXXXX1056","08/09/2026 13:12:54","08/09/2026 11:12:54","0.00 MGA",="00000107",="0000000026",="078462","HST"
="007052",="622111284357","ATM NDC (02)","HOST_SPM (08)","Financial Transaction Request","Balance Inquiry ","Approved","507656XXXXXX1974","08/09/2026 13:12:53","08/09/2026 11:12:53","0.00 MGA",="00000081",="0000000004",="475180","HST"
="007050",="622111284355","ATM NDC (02)","STAND IN","Financial Transaction Request","Authentication Request ","Approved","507656XXXXXX1974","08/09/2026 13:12:49","08/09/2026 11:12:49","0.00 MGA",="00000081",="0000000004",="070487","HST"
="007049",="622111284354","ATM NDC (02)","HOST_SPM (08)","Financial Transaction Request","WITHDRAWAL","Approved","507656XXXXXX1974","08/09/2026 13:12:08","08/09/2026 11:12:08","50,000.00 MGA",="00000081",="0000000004",="247474","HST"
="007047",="622111284352","ATM NDC (02)","STAND IN","Financial Transaction Request","Authentication Request ","Approved","507656XXXXXX1974","08/09/2026 13:11:59","08/09/2026 11:11:59","0.00 MGA",="00000081",="0000000004",="054858","HST"
="001605",="622110314073","ATM NDC (02)","HOST_SPM (08)","Financial Transaction Request","WITHDRAWAL","Approved","507656XXXXXX2258","08/09/2026 12:51:19","08/09/2026 10:51:19","40,000.00 MGA",="00000085",="0000000008",="466225","HST"
="001603",="622110314071","ATM NDC (02)","STAND IN","Financial Transaction Request","Authentication Request ","Approved","507656XXXXXX2258","08/09/2026 12:51:04","08/09/2026 10:51:04","0.00 MGA",="00000085",="0000000008",="059367","HST"
="002556",="622110448200","ATM NDC (02)","HOST_SPM (08)","Financial Transaction Request","WITHDRAWAL","Approved","507656XXXXXX5672","08/09/2026 12:41:33","08/09/2026 10:41:33","150,000.00 MGA",="00000087",="0000000010",="955639","HST"
="002554",="622110448198","ATM NDC (02)","STAND IN","Financial Transaction Request","Authentication Request ","Approved","507656XXXXXX5672","08/09/2026 12:41:18","08/09/2026 10:41:18","0.00 MGA",="00000087",="0000000010",="092787","HST"
="003184",="622110952183","ATM NDC (02)","HOST_SPM (08)","Financial Transaction Request","WITHDRAWAL","Approved","507656XXXXXX3566","08/09/2026 12:40:28","08/09/2026 10:40:28","150,000.00 MGA",="00000096",="0000000018",="445574","HST"
="003182",="622110952181","ATM NDC (02)","STAND IN","Financial Transaction Request","Authentication Request ","Approved","507656XXXXXX3566","08/09/2026 12:40:16","08/09/2026 10:40:16","0.00 MGA",="00000096",="0000000018",="070707","HST"
="006358",="622110260474","ATM NDC (02)","HOST_SPM (08)","Financial Transaction Request","Balance Inquiry ","Approved","507656XXXXXX8639","08/09/2026 12:32:54","08/09/2026 10:32:54","0.00 MGA",="00000107",="0000000026",="451190","HST"
="006356",="622110260472","ATM NDC (02)","STAND IN","Financial Transaction Request","Authentication Request ","Approved","507656XXXXXX8639","08/09/2026 12:32:49","08/09/2026 10:32:49","0.00 MGA",="00000107",="0000000026",="086523","HST"
="006355",="622110260471","ATM NDC (02)","HOST_SPM (08)","Financial Transaction Request","WITHDRAWAL","Approved","507656XXXXXX8639","08/09/2026 12:31:58","08/09/2026 10:31:58","200,000.00 MGA",="00000107",="0000000026",="815064","HST"
="006353",="622110260469","ATM NDC (02)","STAND IN","Financial Transaction Request","Authentication Request ","Approved","507656XXXXXX8639","08/09/2026 12:31:53","08/09/2026 10:31:53","0.00 MGA",="00000107",="0000000026",="014024","HST"
="006352",="622110260468","ATM NDC (02)","HOST_SPM (08)","Financial Transaction Request","WITHDRAWAL","Approved","507656XXXXXX8639","08/09/2026 12:31:11","08/09/2026 10:31:11","200,000.00 MGA",="00000107",="0000000026",="415017","HST"
="006350",="622110260466","ATM NDC (02)","STAND IN","Financial Transaction Request","Authentication Request ","Approved","507656XXXXXX8639","08/09/2026 12:31:04","08/09/2026 10:31:05","0.00 MGA",="00000107",="0000000026",="044650","HST"
="007046",="622110284351","ATM NDC (02)","HOST_SPM (08)","Financial Transaction Request","WITHDRAWAL","Approved","507656XXXXXX8978","08/09/2026 12:31:00","08/09/2026 10:31:00","65,000.00 MGA",="00000081",="0000000004",="245006","HST"
="007044",="622110284349","ATM NDC (02)","HOST_SPM (08)","Financial Transaction Request","Balance Inquiry ","Approved","507656XXXXXX8978","08/09/2026 12:30:45","08/09/2026 10:30:45","0.00 MGA",="00000081",="0000000004",="449890","HST"
="007042",="622110284347","ATM NDC (02)","STAND IN","Financial Transaction Request","Authentication Request ","Approved","507656XXXXXX8978","08/09/2026 12:30:38","08/09/2026 10:30:38","0.00 MGA",="00000081",="0000000004",="013987","HST"
="006349",="622110260465","ATM NDC (02)","HOST_SPM (08)","Financial Transaction Request","WITHDRAWAL","Approved","507656XXXXXX8639","08/09/2026 12:30:28","08/09/2026 10:30:28","200,000.00 MGA",="00000107",="0000000026",="524974","HST"
="006347",="622110260463","ATM NDC (02)","HOST_SPM (08)","Financial Transaction Request","Short statement request","Approved","507656XXXXXX8639","08/09/2026 12:30:13","08/09/2026 10:30:13","0.00 MGA",="00000107",="0000000026",="449580","HST"
="006345",="622110260461","ATM NDC (02)","HOST_SPM (08)","Financial Transaction Request","Balance Inquiry ","Approved","507656XXXXXX8639","08/09/2026 12:30:01","08/09/2026 10:30:01","0.00 MGA",="00000107",="0000000026",="449460","HST"
="006343",="622110260459","ATM NDC (02)","STAND IN","Financial Transaction Request","Authentication Request ","Approved","507656XXXXXX8639","08/09/2026 12:29:56","08/09/2026 10:29:56","0.00 MGA",="00000107",="0000000026",="033828","HST"
="002304",="622110261533","ATM NDC (02)","HOST_SPM (08)","Financial Transaction Request","WITHDRAWAL","Approved","507656XXXXXX2448","08/09/2026 12:23:13","08/09/2026 10:23:13","100,000.00 MGA",="00000103",="0000000023",="864539","HST"
="002302",="622110261531","ATM NDC (02)","STAND IN","Financial Transaction Request","Authentication Request ","Approved","507656XXXXXX2448","08/09/2026 12:22:49","08/09/2026 10:22:49","0.00 MGA",="00000103",="0000000023",="061396","HST"
="002300",="622110261530","ATM NDC (02)","HOST_SPM (08)","Financial Transaction Request","Balance Inquiry ","Approved","507656XXXXXX2448","08/09/2026 12:22:01","08/09/2026 10:22:01","0.00 MGA",="00000103",="0000000023",="444660","HST"
="002298",="622110261528","ATM NDC (02)","STAND IN","Financial Transaction Request","Authentication Request ","Approved","507656XXXXXX2448","08/09/2026 12:21:53","08/09/2026 10:21:53","0.00 MGA",="00000103",="0000000023",="088145","HST"
="007136",="622110415510","ATM NDC (02)","HOST_SPM (08)","Financial Transaction Request","WITHDRAWAL","Approved","507656XXXXXX5401","08/09/2026 12:21:36","08/09/2026 10:21:36","70,000.00 MGA",="00000091",="0000000014",="614441","HST"
="007134",="622110415508","ATM NDC (02)","STAND IN","Financial Transaction Request","Authentication Request ","Approved","507656XXXXXX5401","08/09/2026 12:21:05","08/09/2026 10:21:05","0.00 MGA",="00000091",="0000000014",="005910","HST"
="008655",="622110348723","ATM NDC (02)","HOST_SPM (08)","Financial Transaction Request","WITHDRAWAL","Approved","507656XXXXXX6299","08/09/2026 12:20:54","08/09/2026 10:20:54","200,000.00 MGA",="00000089",="0000000012",="954400","HST"
="008653",="622110348721","ATM NDC (02)","HOST_SPM (08)","Financial Transaction Request","Balance Inquiry ","Approved","507656XXXXXX6299","08/09/2026 12:20:41","08/09/2026 10:20:41","0.00 MGA",="00000089",="0000000012",="443860","HST"
="008651",="622110348719","ATM NDC (02)","HOST_SPM (08)","Financial Transaction Request","Short statement request","Approved","507656XXXXXX6299","08/09/2026 12:20:25","08/09/2026 10:20:25","0.00 MGA",="00000089",="0000000012",="443700","HST"
="008649",="622110348717","ATM NDC (02)","STAND IN","Financial Transaction Request","Authentication Request ","Approved","507656XXXXXX6299","08/09/2026 12:20:19","08/09/2026 10:20:19","0.00 MGA",="00000089",="0000000012",="013490","HST"
="005808",="622110454255","ATM NDC (02)","HOST_SPM (08)","Financial Transaction Request","WITHDRAWAL","Approved","507656XXXXXX1254","08/09/2026 12:02:28","08/09/2026 10:02:28","40,000.00 MGA",="00000102",="0000000022",="043294","HST"
="005806",="622110454253","ATM NDC (02)","HOST_SPM (08)","Financial Transaction Request","Balance Inquiry ","Approved","507656XXXXXX1254","08/09/2026 12:02:10","08/09/2026 10:02:10","0.00 MGA",="00000102",="0000000022",="432750","HST"
="005804",="622110454251","ATM NDC (02)","STAND IN","Financial Transaction Request","Authentication Request ","Approved","507656XXXXXX1254","08/09/2026 12:02:05","08/09/2026 10:02:05","0.00 MGA",="00000102",="0000000022",="023173","HST"
="008871",="622109707068","ATM NDC (02)","HOST_SPM (08)","Financial Transaction Request","WITHDRAWAL","Approved","507656XXXXXX8473","08/09/2026 11:58:45","08/09/2026 09:58:45","150,000.00 MGA",="00000108",="0000000027",="173071","HST"
="008869",="622109707066","ATM NDC (02)","STAND IN","Financial Transaction Request","Authentication Request ","Approved","507656XXXXXX8473","08/09/2026 11:58:31","08/09/2026 09:58:31","0.00 MGA",="00000108",="0000000027",="061532","HST"
="001602",="622109314070","ATM NDC (02)","HOST_SPM (08)","Financial Transaction Request","WITHDRAWAL","Approved","507656XXXXXX4301","08/09/2026 11:57:42","08/09/2026 09:57:42","300,000.00 MGA",="00000085",="0000000008",="813008","HST"
="001600",="622109314068","ATM NDC (02)","HOST_SPM (08)","Financial Transaction Request","Balance Inquiry ","Approved","507656XXXXXX4301","08/09/2026 11:57:22","08/09/2026 09:57:23","0.00 MGA",="00000085",="0000000008",="429880","HST"
="001598",="622109314066","ATM NDC (02)","STAND IN","Financial Transaction Request","Authentication Request ","Approved","507656XXXXXX4301","08/09/2026 11:57:17","08/09/2026 09:57:17","0.00 MGA",="00000085",="0000000008",="055623","HST"
="001148",="622109511206","ATM NDC (02)","HOST_SPM (08)","Financial Transaction Request","WITHDRAWAL","Approved","507656XXXXXX3964","08/09/2026 11:54:08","08/09/2026 09:54:08","50,000.00 MGA",="00000092",="0000000015",="862794","HST"
="001146",="622109511204","ATM NDC (02)","HOST_SPM (08)","Financial Transaction Request","Balance Inquiry ","Approved","507656XXXXXX3964","08/09/2026 11:53:34","08/09/2026 09:53:34","0.00 MGA",="00000092",="0000000015",="427590","HST"
="001144",="622109511202","ATM NDC (02)","STAND IN","Financial Transaction Request","Authentication Request ","Approved","507656XXXXXX3964","08/09/2026 11:53:29","08/09/2026 09:53:29","0.00 MGA",="00000092",="0000000015",="027031","HST"
="007947",="622109258385","ATM NDC (02)","HOST_SPM (08)","Financial Transaction Request","WITHDRAWAL","Approved","507656XXXXXX2422","08/09/2026 11:43:58","08/09/2026 09:43:58","140,000.00 MGA",="00000094",="0000000017",="502184","HST"
="007945",="622109258383","ATM NDC (02)","HOST_SPM (08)","Financial Transaction Request","Balance Inquiry ","Approved","507656XXXXXX2422","08/09/2026 11:43:34","08/09/2026 09:43:34","0.00 MGA",="00000094",="0000000017",="421590","HST"
="007943",="622109258381","ATM NDC (02)","STAND IN","Financial Transaction Request","Authentication Request ","Approved","507656XXXXXX2422","08/09/2026 11:43:30","08/09/2026 09:43:30","0.00 MGA",="00000094",="0000000017",="019304","HST"
="008868",="622109707065","ATM NDC (02)","HOST_SPM (08)","Financial Transaction Request","WITHDRAWAL","Approved","507656XXXXXX0159","08/09/2026 11:30:03","08/09/2026 09:30:03","600,000.00 MGA",="00000108",="0000000027",="241350","HST"
="008866",="622109707063","ATM NDC (02)","STAND IN","Financial Transaction Request","Authentication Request ","Approved","507656XXXXXX0159","08/09/2026 11:29:55","08/09/2026 09:29:55","0.00 MGA",="00000108",="0000000027",="038569","HST"
="008865",="622109707062","ATM NDC (02)","HOST_SPM (08)","Financial Transaction Request","WITHDRAWAL","Exceeds withdrawal limit","507656XXXXXX0159","08/09/2026 11:29:30","08/09/2026 09:29:30","800,000.00 MGA",="00000108",="0000000027","","HST"
="008863",="622109707060","ATM NDC (02)","STAND IN","Financial Transaction Request","Authentication Request ","Approved","507656XXXXXX0159","08/09/2026 11:29:18","08/09/2026 09:29:18","0.00 MGA",="00000108",="0000000027",="009207","HST"
="008862",="622109707059","ATM NDC (02)","HOST_SPM (08)","Financial Transaction Request","WITHDRAWAL","Approved","507656XXXXXX3564","08/09/2026 11:18:21","08/09/2026 09:18:21","20,000.00 MGA",="00000108",="0000000027",="810647","HST"
="008860",="622109707057","ATM NDC (02)","HOST_SPM (08)","Financial Transaction Request","Balance Inquiry ","Approved","507656XXXXXX3564","08/09/2026 11:17:59","08/09/2026 09:17:59","0.00 MGA",="00000108",="0000000027",="406240","HST"
="008858",="622109707055","ATM NDC (02)","STAND IN","Financial Transaction Request","Authentication Request ","Approved","507656XXXXXX3564","08/09/2026 11:17:51","08/09/2026 09:17:51","0.00 MGA",="00000108",="0000000027",="059412","HST"
="008857",="622109707054","ATM NDC (02)","HOST_SPM (08)","Financial Transaction Request","WITHDRAWAL","Approved","507656XXXXXX3564","08/09/2026 11:16:56","08/09/2026 09:16:56","20,000.00 MGA",="00000108",="0000000027",="860562","HST"
="008855",="622109707052","ATM NDC (02)","STAND IN","Financial Transaction Request","Authentication Request ","Approved","507656XXXXXX3564","08/09/2026 11:16:43","08/09/2026 09:16:43","0.00 MGA",="00000108",="0000000027",="092950","HST"
="008854",="622109707051","ATM NDC (02)","HOST_SPM (08)","Financial Transaction Request","WITHDRAWAL","Approved","507656XXXXXX3564","08/09/2026 11:16:05","08/09/2026 09:16:05","20,000.00 MGA",="00000108",="0000000027",="880511","HST"
="008852",="622109707049","ATM NDC (02)","STAND IN","Financial Transaction Request","Authentication Request ","Approved","507656XXXXXX3564","08/09/2026 11:15:54","08/09/2026 09:15:54","0.00 MGA",="00000108",="0000000027",="036545","HST"
="007041",="622109284346","ATM NDC (02)","HOST_SPM (08)","Financial Transaction Request","WITHDRAWAL","Approved","507656XXXXXX1089","08/09/2026 11:15:06","08/09/2026 09:15:06","100,000.00 MGA",="00000081",="0000000004",="610452","HST"
="008851",="622109707048","ATM NDC (02)","HOST_SPM (08)","Financial Transaction Request","WITHDRAWAL","Approved","507656XXXXXX3564","08/09/2026 11:15:01","08/09/2026 09:15:01","100,000.00 MGA",="00000108",="0000000027",="250448","HST"
="007039",="622109284344","ATM NDC (02)","STAND IN","Financial Transaction Request","Authentication Request ","Approved","507656XXXXXX1089","08/09/2026 11:14:59","08/09/2026 09:14:59","0.00 MGA",="00000081",="0000000004",="080685","HST"
="008849",="622109707046","ATM NDC (02)","STAND IN","Financial Transaction Request","Authentication Request ","Approved","507656XXXXXX3564","08/09/2026 11:14:46","08/09/2026 09:14:46","0.00 MGA",="00000108",="0000000027",="076970","HST"
="007038",="622109284343","ATM NDC (02)","HOST_SPM (08)","Financial Transaction Request","WITHDRAWAL","Approved","507656XXXXXX1119","08/09/2026 11:14:08","08/09/2026 09:14:08","400,000.00 MGA",="00000081",="0000000004",="440395","HST"
="007036",="622109284341","ATM NDC (02)","STAND IN","Financial Transaction Request","Authentication Request ","Approved","507656XXXXXX1119","08/09/2026 11:14:02","08/09/2026 09:14:02","0.00 MGA",="00000081",="0000000004",="093285","HST"
="002965",="622109783436","ATM NDC (02)","HOST_SPM (08)","Financial Transaction Request","WITHDRAWAL","Approved","507656XXXXXX7894","08/09/2026 11:10:11","08/09/2026 09:10:11","400,000.00 MGA",="00000109",="0000000028",="160157","HST"
="002963",="622109783434","ATM NDC (02)","STAND IN","Financial Transaction Request","Authentication Request ","Approved","507656XXXXXX7894","08/09/2026 11:10:02","08/09/2026 09:10:02","0.00 MGA",="00000109",="0000000028",="023773","HST"
="003733",="622109432432","ATM NDC (02)","HOST_SPM (08)","Financial Transaction Request","WITHDRAWAL","Approved","507656XXXXXX3929","08/09/2026 11:00:01","08/09/2026 09:00:01","10,000.00 MGA",="00000088",="0000000011",="419547","HST"
="003731",="622108432430","ATM NDC (02)","HOST_SPM (08)","Financial Transaction Request","Balance Inquiry ","Approved","507656XXXXXX3929","08/09/2026 10:59:45","08/09/2026 08:59:45","0.00 MGA",="00000088",="0000000011",="395310","HST"
="003729",="622108432428","ATM NDC (02)","STAND IN","Financial Transaction Request","Authentication Request ","Approved","507656XXXXXX3929","08/09/2026 10:59:41","08/09/2026 08:59:41","0.00 MGA",="00000088",="0000000011",="093137","HST"
="003066",="622108884743","ATM NDC (02)","HOST_SPM (08)","Financial Transaction Request","WITHDRAWAL","Approved","507656XXXXXX3735","08/09/2026 10:53:47","08/09/2026 08:53:47","50,000.00 MGA",="00000100",="0000000021",="609173","HST"
="003064",="622108884741","ATM NDC (02)","HOST_SPM (08)","Financial Transaction Request","Balance Inquiry ","Approved","507656XXXXXX3735","08/09/2026 10:53:07","08/09/2026 08:53:07","0.00 MGA",="00000100",="0000000021",="391320","HST"
="003062",="622108884739","ATM NDC (02)","STAND IN","Financial Transaction Request","Authentication Request ","Approved","507656XXXXXX3735","08/09/2026 10:53:00","08/09/2026 08:53:00","0.00 MGA",="00000100",="0000000021",="089753","HST"
="003061",="622108884738","ATM NDC (02)","HOST_SPM (08)","Financial Transaction Request","WITHDRAWAL","Rejected","507656XXXXXX3735","08/09/2026 10:52:19","08/09/2026 08:52:19","60,000.00 MGA",="00000100",="0000000021","","HST"
="003059",="622108884736","ATM NDC (02)","STAND IN","Financial Transaction Request","Authentication Request ","Approved","507656XXXXXX3735","08/09/2026 10:51:59","08/09/2026 08:51:59","0.00 MGA",="00000100",="0000000021",="034436","HST"
="003058",="622108884735","ATM NDC (02)","HOST_SPM (08)","Financial Transaction Request","WITHDRAWAL","Rejected","507656XXXXXX3735","08/09/2026 10:51:24","08/09/2026 08:51:24","60,000.00 MGA",="00000100",="0000000021","","HST"
="003056",="622108884733","ATM NDC (02)","STAND IN","Financial Transaction Request","Authentication Request ","Approved","507656XXXXXX3735","08/09/2026 10:50:25","08/09/2026 08:50:25","0.00 MGA",="00000100",="0000000021",="026553","HST"
="007035",="622108284340","ATM NDC (02)","HOST_SPM (08)","Financial Transaction Request","WITHDRAWAL","Approved","507656XXXXXX4118","08/09/2026 10:48:08","08/09/2026 08:48:08","100,000.00 MGA",="00000081",="0000000004",="888834","HST"
="007033",="622108284338","ATM NDC (02)","STAND IN","Financial Transaction Request","Authentication Request ","Approved","507656XXXXXX4118","08/09/2026 10:48:03","08/09/2026 08:48:03","0.00 MGA",="00000081",="0000000004",="021258","HST"
="007942",="622108258380","ATM NDC (02)","HOST_SPM (08)","Financial Transaction Request","WITHDRAWAL","Approved","507656XXXXXX0876","08/09/2026 10:47:20","08/09/2026 08:47:20","400,000.00 MGA",="00000094",="0000000017",="258786","HST"
="007940",="622108258378","ATM NDC (02)","HOST_SPM (08)","Financial Transaction Request","Balance Inquiry ","Approved","507656XXXXXX0876","08/09/2026 10:46:55","08/09/2026 08:46:55","0.00 MGA",="00000094",="0000000017",="387600","HST"
="007938",="622108258376","ATM NDC (02)","STAND IN","Financial Transaction Request","Authentication Request ","Approved","507656XXXXXX0876","08/09/2026 10:46:52","08/09/2026 08:46:52","0.00 MGA",="00000094",="0000000017",="053878","HST"
="007032",="622108284337","ATM NDC (02)","HOST_SPM (08)","Financial Transaction Request","WITHDRAWAL","Approved","507656XXXXXX4118","08/09/2026 10:46:25","08/09/2026 08:46:25","800,000.00 MGA",="00000081",="0000000004",="448730","HST"
="007030",="622108284335","ATM NDC (02)","HOST_SPM (08)","Financial Transaction Request","Balance Inquiry ","Approved","507656XXXXXX4118","08/09/2026 10:45:52","08/09/2026 08:45:52","0.00 MGA",="00000081",="0000000004",="386970","HST"
="007028",="622108284333","ATM NDC (02)","STAND IN","Financial Transaction Request","Authentication Request ","Approved","507656XXXXXX4118","08/09/2026 10:45:47","08/09/2026 08:45:47","0.00 MGA",="00000081",="0000000004",="083194","HST"
="007937",="622108258375","ATM NDC (02)","HOST_SPM (08)","Financial Transaction Request","WITHDRAWAL","Approved","507656XXXXXX8439","08/09/2026 10:44:49","08/09/2026 08:44:49","25,000.00 MGA",="00000094",="0000000017",="168635","HST"
="007935",="622108258373","ATM NDC (02)","HOST_SPM (08)","Financial Transaction Request","Balance Inquiry ","Approved","507656XXXXXX8439","08/09/2026 10:44:20","08/09/2026 08:44:20","0.00 MGA",="00000094",="0000000017",="386050","HST"
="007933",="622108258371","ATM NDC (02)","STAND IN","Financial Transaction Request","Authentication Request ","Approved","507656XXXXXX8439","08/09/2026 10:44:15","08/09/2026 08:44:15","0.00 MGA",="00000094",="0000000017",="064035","HST"
="001596",="622108246187","ATM NDC (02)","HOST_SPM (08)","Financial Transaction Request","WITHDRAWAL","Approved","507656XXXXXX9465","08/09/2026 10:43:49","08/09/2026 08:43:49","400,000.00 MGA",="00000083",="0000000006",="818575","HST"
="007932",="622108258370","ATM NDC (02)","STAND IN","Financial Transaction Request","Authentication Request ","Approved","507656XXXXXX8439","08/09/2026 10:43:49","08/09/2026 08:43:49","0.00 MGA",="00000094",="0000000017",="085271","HST"
="001594",="622108246185","ATM NDC (02)","STAND IN","Financial Transaction Request","Authentication Request ","Approved","507656XXXXXX9465","08/09/2026 10:43:42","08/09/2026 08:43:42","0.00 MGA",="00000083",="0000000006",="085380","HST"
="008848",="622108707045","ATM NDC (02)","HOST_SPM (08)","Financial Transaction Request","WITHDRAWAL","Approved","507656XXXXXX3142","08/09/2026 10:36:19","08/09/2026 08:36:19","40,000.00 MGA",="00000108",="0000000027",="048125","HST"
="008846",="622108707043","ATM NDC (02)","STAND IN","Financial Transaction Request","Authentication Request ","Approved","507656XXXXXX3142","08/09/2026 10:35:56","08/09/2026 08:35:56","0.00 MGA",="00000108",="0000000027",="079184","HST"
="005830",="622108099151","ATM NDC (02)","HOST_SPM (08)","Financial Transaction Request","Balance Inquiry ","Approved","507656XXXXXX9532","08/09/2026 10:30:51","08/09/2026 08:30:51","0.00 MGA",="00000090",="0000000013",="377960","HST"
="005828",="622108099149","ATM NDC (02)","STAND IN","Financial Transaction Request","Authentication Request ","Approved","507656XXXXXX9532","08/09/2026 10:30:46","08/09/2026 08:30:46","0.00 MGA",="00000090",="0000000013",="079936","HST"
="005827",="622108099148","ATM NDC (02)","HOST_SPM (08)","Financial Transaction Request","WITHDRAWAL","Approved","507656XXXXXX9532","08/09/2026 10:30:04","08/09/2026 08:30:04","200,000.00 MGA",="00000090",="0000000013",="817750","HST"
="005825",="622108099146","ATM NDC (02)","HOST_SPM (08)","Financial Transaction Request","Balance Inquiry ","Approved","507656XXXXXX9532","08/09/2026 10:29:52","08/09/2026 08:29:52","0.00 MGA",="00000090",="0000000013",="377370","HST"
="005823",="622108099144","ATM NDC (02)","STAND IN","Financial Transaction Request","Authentication Request ","Approved","507656XXXXXX9532","08/09/2026 10:29:44","08/09/2026 08:29:44","0.00 MGA",="00000090",="0000000013",="086248","HST"
="005803",="622108454250","ATM NDC (02)","HOST_SPM (08)","Financial Transaction Request","WITHDRAWAL","Approved","507656XXXXXX7743","08/09/2026 10:15:22","08/09/2026 08:15:22","100,000.00 MGA",="00000102",="0000000022",="956867","HST"
="005801",="622108454248","ATM NDC (02)","STAND IN","Financial Transaction Request","Authentication Request ","Approved","507656XXXXXX7743","08/09/2026 10:15:16","08/09/2026 08:15:16","0.00 MGA",="00000102",="0000000022",="059604","HST"
="005798",="622108454245","ATM NDC (02)","STAND IN","Financial Transaction Request","Authentication Request ","Approved","507656XXXXXX7743","08/09/2026 10:14:19","08/09/2026 08:14:19","0.00 MGA",="00000102",="0000000022",="028290","HST"
="001143",="622108511201","ATM NDC (02)","HOST_SPM (08)","Financial Transaction Request","WITHDRAWAL","Approved","507656XXXXXX5657","08/09/2026 10:08:53","08/09/2026 08:08:53","200,000.00 MGA",="00000092",="0000000015",="166478","HST"
="001141",="622108065199","ATM NDC (02)","STAND IN","Financial Transaction Request","Authentication Request ","Approved","507656XXXXXX5657","08/09/2026 10:08:43","08/09/2026 08:08:43","0.00 MGA",="00000092",="0000000015",="070587","HST"
="005797",="622108448196","ATM NDC (02)","HOST_SPM (08)","Financial Transaction Request","WITHDRAWAL","Approved","507656XXXXXX6241","08/09/2026 10:07:20","08/09/2026 08:07:20","40,000.00 MGA",="00000102",="0000000022",="586385","HST"
="005795",="622108448194","ATM NDC (02)","STAND IN","Financial Transaction Request","Authentication Request ","Approved","507656XXXXXX6241","08/09/2026 10:06:53","08/09/2026 08:06:53","0.00 MGA",="00000102",="0000000022",="079138","HST"
="005792",="622108448191","ATM NDC (02)","STAND IN","Financial Transaction Request","Authentication Request ","Approved","507656XXXXXX6241","08/09/2026 10:06:19","08/09/2026 08:06:19","0.00 MGA",="00000102",="0000000022",="062300","HST"
="003728",="622108432427","ATM NDC (02)","HOST_SPM (08)","Financial Transaction Request","WITHDRAWAL","Approved","507656XXXXXX3082","08/09/2026 10:01:23","08/09/2026 08:01:23","400,000.00 MGA",="00000088",="0000000011",="246030","HST"
="003726",="622108432425","ATM NDC (02)","STAND IN","Financial Transaction Request","Authentication Request ","Approved","507656XXXXXX3082","08/09/2026 10:01:17","08/09/2026 08:01:17","0.00 MGA",="00000088",="0000000011",="042724","HST"
="007027",="622107284332","ATM NDC (02)","HOST_SPM (08)","Financial Transaction Request","WITHDRAWAL","Approved","507656XXXXXX6501","08/09/2026 09:54:38","08/09/2026 07:54:38","250,000.00 MGA",="00000081",="0000000004",="605623","HST"
="007025",="622107284330","ATM NDC (02)","HOST_SPM (08)","Financial Transaction Request","Balance Inquiry ","Approved","507656XXXXXX6501","08/09/2026 09:54:13","08/09/2026 07:54:13","0.00 MGA",="00000081",="0000000004",="355980","HST"
="007023",="622107284328","ATM NDC (02)","STAND IN","Financial Transaction Request","Authentication Request ","Approved","507656XXXXXX6501","08/09/2026 09:54:05","08/09/2026 07:54:05","0.00 MGA",="00000081",="0000000004",="038461","HST"
="003181",="622107952180","ATM NDC (02)","HOST_SPM (08)","Financial Transaction Request","WITHDRAWAL","Approved","507656XXXXXX0086","08/09/2026 09:46:35","08/09/2026 07:46:35","100,000.00 MGA",="00000096",="0000000018",="865140","HST"
="003179",="622107952178","ATM NDC (02)","STAND IN","Financial Transaction Request","Authentication Request ","Approved","507656XXXXXX0086","08/09/2026 09:46:27","08/09/2026 07:46:27","0.00 MGA",="00000096",="0000000018",="038481","HST"
="007022",="622107284327","ATM NDC (02)","HOST_SPM (08)","Financial Transaction Request","WITHDRAWAL","Approved","507656XXXXXX3594","08/09/2026 09:43:47","08/09/2026 07:43:47","200,000.00 MGA",="00000081",="0000000004",="614973","HST"
="007020",="622107284325","ATM NDC (02)","STAND IN","Financial Transaction Request","Authentication Request ","Approved","507656XXXXXX3594","08/09/2026 09:43:36","08/09/2026 07:43:36","0.00 MGA",="00000081",="0000000004",="068734","HST"
="009597",="622107775821","ATM NDC (02)","HOST_SPM (08)","Financial Transaction Request","WITHDRAWAL","Approved","507656XXXXXX5119","08/09/2026 09:41:57","08/09/2026 07:41:57","360,000.00 MGA",="00000086",="0000000009",="254863","HST"
="009595",="622107775819","ATM NDC (02)","HOST_SPM (08)","Financial Transaction Request","Balance Inquiry ","Approved","507656XXXXXX5119","08/09/2026 09:41:26","08/09/2026 07:41:26","0.00 MGA",="00000086",="0000000009",="348310","HST"
="009593",="622107775817","ATM NDC (02)","STAND IN","Financial Transaction Request","Authentication Request ","Approved","507656XXXXXX5119","08/09/2026 09:41:21","08/09/2026 07:41:21","0.00 MGA",="00000086",="0000000009",="075114","HST"
="003178",="622107952177","ATM NDC (02)","HOST_SPM (08)","Financial Transaction Request","WITHDRAWAL","Approved","507656XXXXXX6036","08/09/2026 09:39:32","08/09/2026 07:39:32","120,000.00 MGA",="00000096",="0000000018",="504718","HST"
="003176",="622107952175","ATM NDC (02)","STAND IN","Financial Transaction Request","Authentication Request ","Approved","507656XXXXXX6036","08/09/2026 09:39:12","08/09/2026 07:39:12","0.00 MGA",="00000096",="0000000018",="067965","HST"
="000207",="622107647410","ATM NDC (02)","HOST_SPM (08)","Financial Transaction Request","WITHDRAWAL","Approved","507656XXXXXX6553","08/09/2026 09:38:19","08/09/2026 07:38:19","325,000.00 MGA",="00000093",="0000000016",="164645","HST"
="000205",="622107647408","ATM NDC (02)","HOST_SPM (08)","Financial Transaction Request","Balance Inquiry ","Approved","507656XXXXXX6553","08/09/2026 09:37:59","08/09/2026 07:37:59","0.00 MGA",="00000093",="0000000016",="346240","HST"
="000203",="622107647406","ATM NDC (02)","STAND IN","Financial Transaction Request","Authentication Request ","Approved","507656XXXXXX6553","08/09/2026 09:37:53","08/09/2026 07:37:53","0.00 MGA",="00000093",="0000000016",="088742","HST"
="007019",="622107284324","ATM NDC (02)","HOST_SPM (08)","Financial Transaction Request","WITHDRAWAL","Approved","507656XXXXXX8387","08/09/2026 09:20:02","08/09/2026 07:20:02","150,000.00 MGA",="00000081",="0000000004",="173548","HST"
="007017",="622107284322","ATM NDC (02)","STAND IN","Financial Transaction Request","Authentication Request ","Approved","507656XXXXXX8387","08/09/2026 09:19:49","08/09/2026 07:19:49","0.00 MGA",="00000081",="0000000004",="059473","HST"
="005999",="622107707397","ATM NDC (02)","HOST_SPM (08)","Financial Transaction Request","WITHDRAWAL","Approved","507656XXXXXX4119","08/09/2026 09:14:20","08/09/2026 07:14:20","35,000.00 MGA",="00000082",="0000000005",="213206","HST"
="005997",="622107707395","ATM NDC (02)","STAND IN","Financial Transaction Request","Authentication Request ","Approved","507656XXXXXX4119","08/09/2026 09:14:07","08/09/2026 07:14:07","0.00 MGA",="00000082",="0000000005",="009912","HST"
="007016",="622107284321","ATM NDC (02)","HOST_SPM (08)","Financial Transaction Request","WITHDRAWAL","Approved","507656XXXXXX3479","08/09/2026 09:13:24","08/09/2026 07:13:24","100,000.00 MGA",="00000081",="0000000004",="863150","HST"
="007014",="622107284319","ATM NDC (02)","STAND IN","Financial Transaction Request","Authentication Request ","Approved","507656XXXXXX3479","08/09/2026 09:13:16","08/09/2026 07:13:16","0.00 MGA",="00000081",="0000000004",="077590","HST"
="001596",="622107314065","ATM NDC (02)","HOST_SPM (08)","Financial Transaction Request","Balance Inquiry ","Approved","507656XXXXXX3448","08/09/2026 09:10:23","08/09/2026 07:10:23","0.00 MGA",="00000085",="0000000008",="329680","HST"
="001594",="622107314063","ATM NDC (02)","STAND IN","Financial Transaction Request","Authentication Request ","Approved","507656XXXXXX3448","08/09/2026 09:10:17","08/09/2026 07:10:17","0.00 MGA",="00000085",="0000000008",="021985","HST"
="001593",="622107314062","ATM NDC (02)","HOST_SPM (08)","Financial Transaction Request","WITHDRAWAL","Approved","507656XXXXXX3448","08/09/2026 09:09:34","08/09/2026 07:09:34","400,000.00 MGA",="00000085",="0000000008",="252920","HST"
="001591",="622107314060","ATM NDC (02)","STAND IN","Financial Transaction Request","Authentication Request ","Approved","507656XXXXXX3448","08/09/2026 09:09:25","08/09/2026 07:09:25","0.00 MGA",="00000085",="0000000008",="041830","HST"
="001590",="622107314059","ATM NDC (02)","HOST_SPM (08)","Financial Transaction Request","WITHDRAWAL","Approved","507656XXXXXX3448","08/09/2026 09:08:38","08/09/2026 07:08:38","400,000.00 MGA",="00000085",="0000000008",="952864","HST"
="001588",="622107314057","ATM NDC (02)","STAND IN","Financial Transaction Request","Authentication Request ","Approved","507656XXXXXX3448","08/09/2026 09:08:33","08/09/2026 07:08:33","0.00 MGA",="00000085",="0000000008",="026577","HST"
="001587",="622107314056","ATM NDC (02)","HOST_SPM (08)","Financial Transaction Request","WITHDRAWAL","Approved","507656XXXXXX3448","08/09/2026 09:07:51","08/09/2026 07:07:51","400,000.00 MGA",="00000085",="0000000008",="502817","HST"
="001585",="622107314054","ATM NDC (02)","STAND IN","Financial Transaction Request","Authentication Request ","Approved","507656XXXXXX3448","08/09/2026 09:07:44","08/09/2026 07:07:44","0.00 MGA",="00000085",="0000000008",="047913","HST"
="007133",="622107415507","ATM NDC (02)","HOST_SPM (08)","Financial Transaction Request","WITHDRAWAL","Approved","507656XXXXXX7189","08/09/2026 09:06:16","08/09/2026 07:06:16","600,000.00 MGA",="00000091",="0000000014",="162722","HST"
="007131",="622107415505","ATM NDC (02)","STAND IN","Financial Transaction Request","Authentication Request ","Approved","507656XXXXXX7189","08/09/2026 09:06:07","08/09/2026 07:06:07","0.00 MGA",="00000091",="0000000014",="024796","HST"
="007013",="622107284318","ATM NDC (02)","HOST_SPM (08)","Financial Transaction Request","WITHDRAWAL","Approved","507656XXXXXX9037","08/09/2026 09:05:05","08/09/2026 07:05:05","400,000.00 MGA",="00000081",="0000000004",="722651","HST"
="007011",="622107284316","ATM NDC (02)","STAND IN","Financial Transaction Request","Authentication Request ","Approved","507656XXXXXX9037","08/09/2026 09:04:56","08/09/2026 07:04:56","0.00 MGA",="00000081",="0000000004",="089566","HST"
="007010",="622107284315","ATM NDC (02)","STAND IN","Financial Transaction Request","Authentication Request ","Incorrect PIN","507656XXXXXX9037","08/09/2026 09:04:49","08/09/2026 07:04:49","0.00 MGA",="00000081",="0000000004","","HST"
="007009",="622107284314","ATM NDC (02)","HOST_SPM (08)","Financial Transaction Request","WITHDRAWAL","Approved","507656XXXXXX9037","08/09/2026 09:03:51","08/09/2026 07:03:51","800,000.00 MGA",="00000081",="0000000004",="812577","HST"
="007007",="622107284312","ATM NDC (02)","STAND IN","Financial Transaction Request","Authentication Request ","Approved","507656XXXXXX9037","08/09/2026 09:03:42","08/09/2026 07:03:43","0.00 MGA",="00000081",="0000000004",="077111","HST"
="007002",="622107284307","ATM NDC (02)","HOST_SPM (08)","Financial Transaction Request","Balance Inquiry ","Approved","507656XXXXXX9037","08/09/2026 09:02:42","08/09/2026 07:02:42","0.00 MGA",="00000081",="0000000004",="325070","HST"
="007000",="622107284305","ATM NDC (02)","STAND IN","Financial Transaction Request","Authentication Request ","Approved","507656XXXXXX9037","08/09/2026 09:02:36","08/09/2026 07:02:36","0.00 MGA",="00000081",="0000000004",="065343","HST"
="006999",="622106284304","ATM NDC (02)","HOST_SPM (08)","Financial Transaction Request","WITHDRAWAL","Approved","507656XXXXXX8515","08/09/2026 08:59:32","08/09/2026 06:59:32","100,000.00 MGA",="00000081",="0000000004",="042319","HST"
="003725",="622106432424","ATM NDC (02)","HOST_SPM (08)","Financial Transaction Request","WITHDRAWAL","Approved","507656XXXXXX6517","08/09/2026 08:59:25","08/09/2026 06:59:25","100,000.00 MGA",="00000088",="0000000011",="522312","HST"
="003723",="622106432422","ATM NDC (02)","STAND IN","Financial Transaction Request","Authentication Request ","Approved","507656XXXXXX6517","08/09/2026 08:59:18","08/09/2026 06:59:18","0.00 MGA",="00000088",="0000000011",="096506","HST"
="006997",="622106284302","ATM NDC (02)","HOST_SPM (08)","Financial Transaction Request","Balance Inquiry ","Approved","507656XXXXXX8515","08/09/2026 08:58:57","08/09/2026 06:58:57","0.00 MGA",="00000081",="0000000004",="322820","HST"
="006995",="622106284300","ATM NDC (02)","STAND IN","Financial Transaction Request","Authentication Request ","Approved","507656XXXXXX8515","08/09/2026 08:58:45","08/09/2026 06:58:45","0.00 MGA",="00000081",="0000000004",="058532","HST"
="001322",="622106073374","ATM NDC (02)","HOST_SPM (08)","Financial Transaction Request","WITHDRAWAL","Approved","507656XXXXXX2932","08/09/2026 08:31:18","08/09/2026 06:31:18","100,000.00 MGA",="00000099",="0000000034",="500624","HST"
="001320",="622106073372","ATM NDC (02)","HOST_SPM (08)","Financial Transaction Request","Balance Inquiry ","Approved","507656XXXXXX2932","08/09/2026 08:31:05","08/09/2026 06:31:05","0.00 MGA",="00000099",="0000000034",="306110","HST"
="001318",="622106073370","ATM NDC (02)","STAND IN","Financial Transaction Request","Authentication Request ","Approved","507656XXXXXX2932","08/09/2026 08:31:00","08/09/2026 06:31:00","0.00 MGA",="00000099",="0000000034",="063649","HST"
="006342",="622106260458","ATM NDC (02)","HOST_SPM (08)","Financial Transaction Request","WITHDRAWAL","Approved","507656XXXXXX9574","08/09/2026 08:24:03","08/09/2026 06:24:03","600,000.00 MGA",="00000107",="0000000026",="810188","HST"
="006340",="622106260456","ATM NDC (02)","STAND IN","Financial Transaction Request","Authentication Request ","Approved","507656XXXXXX9574","08/09/2026 08:23:54","08/09/2026 06:23:54","0.00 MGA",="00000107",="0000000026",="031142","HST"
="001140",="622106454244","ATM NDC (02)","HOST_SPM (08)","Financial Transaction Request","WITHDRAWAL","Exceeds withdrawal limit","507656XXXXXX8888","08/09/2026 08:21:50","08/09/2026 06:21:50","400,000.00 MGA",="00000092",="0000000015","","HST"
="001138",="622106454242","ATM NDC (02)","HOST_SPM (08)","Financial Transaction Request","Balance Inquiry ","Approved","507656XXXXXX8888","08/09/2026 08:21:23","08/09/2026 06:21:23","0.00 MGA",="00000092",="0000000015",="300280","HST"
="001136",="622106454240","ATM NDC (02)","STAND IN","Financial Transaction Request","Authentication Request ","Approved","507656XXXXXX8888","08/09/2026 08:21:16","08/09/2026 06:21:16","0.00 MGA",="00000092",="0000000015",="007788","HST"
="001135",="622106454239","ATM NDC (02)","HOST_SPM (08)","Financial Transaction Request","WITHDRAWAL","Approved","507656XXXXXX8888","08/09/2026 08:20:29","08/09/2026 06:20:29","600,000.00 MGA",="00000092",="0000000015",="049975","HST"
="001133",="622106454237","ATM NDC (02)","STAND IN","Financial Transaction Request","Authentication Request ","Approved","507656XXXXXX8888","08/09/2026 08:20:16","08/09/2026 06:20:16","0.00 MGA",="00000092",="0000000015",="085309","HST"
="001584",="622106314053","ATM NDC (02)","HOST_SPM (08)","Financial Transaction Request","WITHDRAWAL","Approved","507656XXXXXX8007","08/09/2026 08:19:34","08/09/2026 06:19:34","20,000.00 MGA",="00000085",="0000000008",="609920","HST"
="001132",="622106454236","ATM NDC (02)","HOST_SPM (08)","Financial Transaction Request","WITHDRAWAL","Approved","507656XXXXXX8888","08/09/2026 08:19:30","08/09/2026 06:19:30","400,000.00 MGA",="00000092",="0000000015",="179916","HST"
="001582",="622106314051","ATM NDC (02)","STAND IN","Financial Transaction Request","Authentication Request ","Approved","507656XXXXXX8007","08/09/2026 08:19:26","08/09/2026 06:19:26","0.00 MGA",="00000085",="0000000008",="010574","HST"
="001130",="622106454234","ATM NDC (02)","HOST_SPM (08)","Financial Transaction Request","Balance Inquiry ","Approved","507656XXXXXX8888","08/09/2026 08:19:00","08/09/2026 06:19:00","0.00 MGA",="00000092",="0000000015",="298850","HST"
="001128",="622106454232","ATM NDC (02)","STAND IN","Financial Transaction Request","Authentication Request ","Approved","507656XXXXXX8888","08/09/2026 08:18:50","08/09/2026 06:18:50","0.00 MGA",="00000092",="0000000015",="067075","HST"
="007130",="622106415504","ATM NDC (02)","HOST_SPM (08)","Financial Transaction Request","WITHDRAWAL","Approved","507656XXXXXX6456","08/09/2026 08:17:43","08/09/2026 06:17:43","100,000.00 MGA",="00000091",="0000000014",="219809","HST"
="007128",="622106415502","ATM NDC (02)","HOST_SPM (08)","Financial Transaction Request","Balance Inquiry ","Approved","507656XXXXXX6456","08/09/2026 08:17:31","08/09/2026 06:17:31","0.00 MGA",="00000091",="0000000014",="297960","HST"
="007126",="622106415500","ATM NDC (02)","STAND IN","Financial Transaction Request","Authentication Request ","Approved","507656XXXXXX6456","08/09/2026 08:17:23","08/09/2026 06:17:23","0.00 MGA",="00000091",="0000000014",="050930","HST"
="001192",="622106570983","ATM NDC (02)","HOST_SPM (08)","Financial Transaction Request","WITHDRAWAL","Approved","507656XXXXXX9258","08/09/2026 08:10:29","08/09/2026 06:10:29","100,000.00 MGA",="00000084",="0000000007",="259375","HST"
="001190",="622106570981","ATM NDC (02)","STAND IN","Financial Transaction Request","Authentication Request ","Approved","507656XXXXXX9258","08/09/2026 08:10:23","08/09/2026 06:10:23","0.00 MGA",="00000084",="0000000007",="097786","HST"
="000202",="622105647405","ATM NDC (02)","HOST_SPM (08)","Financial Transaction Request","WITHDRAWAL","Approved","507656XXXXXX1002","08/09/2026 07:45:30","08/09/2026 05:45:30","5,000.00 MGA",="00000093",="0000000016",="247876","HST"
="000200",="622105647403","ATM NDC (02)","HOST_SPM (08)","Financial Transaction Request","Balance Inquiry ","Approved","507656XXXXXX1002","08/09/2026 07:45:16","08/09/2026 05:45:16","0.00 MGA",="00000093",="0000000016",="278610","HST"
="000198",="622105647401","ATM NDC (02)","STAND IN","Financial Transaction Request","Authentication Request ","Approved","507656XXXXXX1002","08/09/2026 07:45:13","08/09/2026 05:45:13","0.00 MGA",="00000093",="0000000016",="044731","HST"
="006994",="622105284299","ATM NDC (02)","HOST_SPM (08)","Financial Transaction Request","WITHDRAWAL","Approved","507656XXXXXX6946","08/09/2026 07:37:43","08/09/2026 05:37:44","80,000.00 MGA",="00000081",="0000000004",="177409","HST"
="006992",="622105284297","ATM NDC (02)","HOST_SPM (08)","Financial Transaction Request","Balance Inquiry ","Approved","507656XXXXXX6946","08/09/2026 07:37:25","08/09/2026 05:37:25","0.00 MGA",="00000081",="0000000004",="273910","HST"
="006990",="622105284295","ATM NDC (02)","STAND IN","Financial Transaction Request","Authentication Request ","Approved","507656XXXXXX6946","08/09/2026 07:37:21","08/09/2026 05:37:21","0.00 MGA",="00000081",="0000000004",="044534","HST"
="002297",="622105261527","ATM NDC (02)","HOST_SPM (08)","Financial Transaction Request","WITHDRAWAL","Approved","507656XXXXXX8002","08/09/2026 07:33:10","08/09/2026 05:33:10","100,000.00 MGA",="00000103",="0000000023",="867136","HST"
="002295",="622105261525","ATM NDC (02)","STAND IN","Financial Transaction Request","Authentication Request ","Approved","507656XXXXXX8002","08/09/2026 07:33:02","08/09/2026 05:33:03","0.00 MGA",="00000103",="0000000023",="012305","HST"
="003722",="622105432421","ATM NDC (02)","HOST_SPM (08)","Financial Transaction Request","WITHDRAWAL","Approved","507656XXXXXX4914","08/09/2026 07:20:40","08/09/2026 05:20:40","40,000.00 MGA",="00000088",="0000000011",="446391","HST"
="003720",="622105432419","ATM NDC (02)","HOST_SPM (08)","Financial Transaction Request","Short statement request","Approved","507656XXXXXX4914","08/09/2026 07:19:57","08/09/2026 05:19:57","0.00 MGA",="00000088",="0000000011",="263420","HST"
="003718",="622105432417","ATM NDC (02)","HOST_SPM (08)","Financial Transaction Request","Balance Inquiry ","Approved","507656XXXXXX4914","08/09/2026 07:19:38","08/09/2026 05:19:38","0.00 MGA",="00000088",="0000000011",="263240","HST"
="003716",="622105432415","ATM NDC (02)","STAND IN","Financial Transaction Request","Authentication Request ","Approved","507656XXXXXX4914","08/09/2026 07:19:32","08/09/2026 05:19:32","0.00 MGA",="00000088",="0000000011",="030152","HST"
="001317",="622105073369","ATM NDC (02)","HOST_SPM (08)","Financial Transaction Request","WITHDRAWAL","Approved","507656XXXXXX2387","08/09/2026 07:17:26","08/09/2026 05:17:26","600,000.00 MGA",="00000099",="0000000034",="586192","HST"
="001315",="622105073367","ATM NDC (02)","STAND IN","Financial Transaction Request","Authentication Request ","Approved","507656XXXXXX2387","08/09/2026 07:17:19","08/09/2026 05:17:19","0.00 MGA",="00000099",="0000000034",="058979","HST"
="001314",="622105073366","ATM NDC (02)","HOST_SPM (08)","Financial Transaction Request","WITHDRAWAL","Approved","507656XXXXXX2387","08/09/2026 07:16:27","08/09/2026 05:16:27","600,000.00 MGA",="00000099",="0000000034",="816135","HST"
="001312",="622105073364","ATM NDC (02)","HOST_SPM (08)","Financial Transaction Request","Balance Inquiry ","Approved","507656XXXXXX2387","08/09/2026 07:16:09","08/09/2026 05:16:09","0.00 MGA",="00000099",="0000000034",="261150","HST"
="001310",="622105073362","ATM NDC (02)","STAND IN","Financial Transaction Request","Authentication Request ","Approved","507656XXXXXX2387","08/09/2026 07:16:04","08/09/2026 05:16:04","0.00 MGA",="00000099",="0000000034",="022363","HST"
="008648",="622104348716","ATM NDC (02)","HOST_SPM (08)","Financial Transaction Request","WITHDRAWAL","Approved","507656XXXXXX5412","08/09/2026 06:41:48","08/09/2026 04:41:48","600,000.00 MGA",="00000089",="0000000012",="954054","HST"
="008646",="622104348714","ATM NDC (02)","STAND IN","Financial Transaction Request","Authentication Request ","Approved","507656XXXXXX5412","08/09/2026 06:41:42","08/09/2026 04:41:42","0.00 MGA",="00000089",="0000000012",="029441","HST"
="003715",="622104432414","ATM NDC (02)","HOST_SPM (08)","Financial Transaction Request","WITHDRAWAL","Approved","507656XXXXXX1912","08/09/2026 06:32:59","08/09/2026 04:32:59","800,000.00 MGA",="00000088",="0000000011",="723525","HST"
="003713",="622104432412","ATM NDC (02)","HOST_SPM (08)","Financial Transaction Request","Balance Inquiry ","Approved","507656XXXXXX1912","08/09/2026 06:32:37","08/09/2026 04:32:37","0.00 MGA",="00000088",="0000000011",="235030","HST"
="003711",="622104432410","ATM NDC (02)","STAND IN","Financial Transaction Request","Authentication Request ","Approved","507656XXXXXX1912","08/09/2026 06:32:33","08/09/2026 04:32:33","0.00 MGA",="00000088",="0000000011",="034554","HST"
="009802",="622104312457","ATM NDC (02)","HOST_SPM (08)","Financial Transaction Request","Balance Inquiry ","Approved","507656XXXXXX8472","08/09/2026 06:23:12","08/09/2026 04:23:13","0.00 MGA",="00000106",="0000000025",="229380","HST"
="009800",="622104312455","ATM NDC (02)","STAND IN","Financial Transaction Request","Authentication Request ","Approved","507656XXXXXX8472","08/09/2026 06:23:08","08/09/2026 04:23:08","0.00 MGA",="00000106",="0000000025",="086249","HST"
="009799",="622104312454","ATM NDC (02)","HOST_SPM (08)","Financial Transaction Request","WITHDRAWAL","Approved","507656XXXXXX8472","08/09/2026 06:22:27","08/09/2026 04:22:27","200,000.00 MGA",="00000106",="0000000025",="522893","HST"
="009797",="622104312452","ATM NDC (02)","STAND IN","Financial Transaction Request","Authentication Request ","Approved","507656XXXXXX8472","08/09/2026 06:22:19","08/09/2026 04:22:19","0.00 MGA",="00000106",="0000000025",="090417","HST"